symbol,as_of_date,weight,expected_return,sector,optimizer,unrealized_pct
AMP,2022-01-31,0.05,0.193642,Financial Services,miqp,0.0
MELI,2022-01-31,0.05,0.218167,Consumer Cyclical,miqp,0.0
MA,2022-01-31,0.05,0.185483,Financial Services,miqp,0.0
ASML,2022-01-31,0.05,0.214743,Technology,miqp,0.0
MT,2022-01-31,0.05,0.238078,Basic Materials,miqp,0.0
OKE,2022-01-31,0.05,0.181232,Energy,miqp,0.0
STLA,2022-01-31,0.05,0.189353,Consumer Cyclical,miqp,0.0
CTAS,2022-01-31,0.05,0.169382,Industrials,miqp,0.0
PUK,2022-01-31,0.05,0.192881,Financial Services,miqp,0.0
BAK,2022-01-31,0.05,0.238331,Basic Materials,miqp,0.0
FCX,2022-01-31,0.05,0.233758,Basic Materials,miqp,0.0
SNWV,2022-01-31,0.045073,0.583863,Healthcare,miqp,0.0
SKM,2022-01-31,0.043874,0.188538,Communication Services,miqp,0.0
ISRG,2022-01-31,0.042068,0.17369,Healthcare,miqp,0.0
NXPI,2022-01-31,0.041107,0.199485,Technology,miqp,0.0
FTNT,2022-01-31,0.039301,0.188881,Technology,miqp,0.0
BX,2022-01-31,0.034299,0.196596,Financial Services,miqp,0.0
AMAT,2022-01-31,0.031842,0.213238,Technology,miqp,0.0
AIG,2022-01-31,0.027638,0.176485,Financial Services,miqp,0.0
CPRT,2022-01-31,0.027078,0.170234,Consumer Cyclical,miqp,0.0
BN,2022-01-31,0.024558,0.185974,Financial Services,miqp,0.0
CNQ,2022-01-31,0.016379,0.183332,Energy,miqp,0.0
SCCO,2022-01-31,0.016216,0.186589,Basic Materials,miqp,0.0
CNH,2022-01-31,0.01585,0.184171,Industrials,miqp,0.0
PDD,2022-01-31,0.011318,0.215281,Consumer Cyclical,miqp,0.0
ITUB,2022-01-31,0.008751,0.180623,Financial Services,miqp,0.0
XYZ,2022-01-31,0.008722,0.2119,Technology,miqp,0.0
TIL,2022-01-31,0.006805,0.179651,Healthcare,miqp,0.0
NTRS,2022-01-31,0.004756,0.176074,Financial Services,miqp,0.0
CRESY,2022-01-31,0.002368,0.177775,Industrials,miqp,0.0
SNAP,2022-01-31,0.002,0.209359,Communication Services,miqp,0.0
FCX,2022-02-28,0.062525,0.229162,Basic Materials,miqp,0.247608
OKE,2022-02-28,0.053338,0.165447,Energy,miqp,0.074967
MT,2022-02-28,0.051712,0.269753,Basic Materials,miqp,0.042841
MELI,2022-02-28,0.049328,0.210944,Consumer Cyclical,miqp,-0.004779
AMP,2022-02-28,0.049001,0.191296,Financial Services,miqp,-0.011365
BAK,2022-02-28,0.048967,0.211251,Basic Materials,miqp,-0.012061
ASML,2022-02-28,0.048782,0.201703,Technology,miqp,-0.015783
CTAS,2022-02-28,0.047631,0.147146,Industrials,miqp,-0.039019
STLA,2022-02-28,0.046989,0.191093,Consumer Cyclical,miqp,-0.051957
MA,2022-02-28,0.046286,0.166598,Financial Services,miqp,-0.066142
PUK,2022-02-28,0.044122,0.194593,Financial Services,miqp,-0.10981
ISRG,2022-02-28,0.042604,0.157709,Healthcare,miqp,0.021584
FTNT,2022-02-28,0.042379,0.179149,Technology,miqp,0.156341
SKM,2022-02-28,0.041541,0.178796,Communication Services,miqp,-0.044851
NXPI,2022-02-28,0.03771,0.212475,Technology,miqp,-0.074582
SNWV,2022-02-28,0.033917,0.507445,Healthcare,miqp,0.058824
XYZ,2022-02-28,0.033504,0.264295,Technology,miqp,0.007459
BX,2022-02-28,0.033199,0.203529,Financial Services,miqp,-0.023576
AMAT,2022-02-28,0.030711,0.208894,Technology,miqp,-0.027035
AIG,2022-02-28,0.029051,0.171249,Financial Services,miqp,0.059234
CPRT,2022-02-28,0.025521,0.166173,Consumer Cyclical,miqp,-0.049211
BN,2022-02-28,0.024204,0.163133,Financial Services,miqp,-0.005747
CNQ,2022-02-28,0.017803,0.164121,Energy,miqp,0.094636
SCCO,2022-02-28,0.017723,0.170478,Basic Materials,miqp,0.084532
CNH,2022-02-28,0.01488,0.191272,Industrials,miqp,-0.052941
PDD,2022-02-28,0.009723,0.207019,Consumer Cyclical,miqp,-0.133356
TIL,2022-02-28,0.006234,0.201524,Healthcare,miqp,-0.075797
NTRS,2022-02-28,0.004604,0.179436,Financial Services,miqp,-0.023519
CRESY,2022-02-28,0.003021,0.174675,Industrials,miqp,0.225028
ITUB,2022-02-28,0.002987,0.138071,Financial Services,miqp,0.023529
FCX,2022-03-31,0.065224,0.201102,Basic Materials,miqp,0.319848
OKE,2022-03-31,0.056803,0.156707,Energy,miqp,0.160193
CTAS,2022-03-31,0.053156,0.132435,Industrials,miqp,0.087593
MT,2022-03-31,0.052665,0.241783,Basic Materials,miqp,0.078205
MELI,2022-03-31,0.051276,0.241028,Consumer Cyclical,miqp,0.050457
AMP,2022-03-31,0.05,0.203823,Financial Services,miqp,-0.00942
PUK,2022-03-31,0.05,0.212609,Financial Services,miqp,-0.117279
XYZ,2022-03-31,0.05,0.289036,Technology,miqp,0.056489
BAK,2022-03-31,0.048185,0.20611,Basic Materials,miqp,-0.01261
ASML,2022-03-31,0.048132,0.203646,Technology,miqp,-0.013679
MA,2022-03-31,0.045138,0.165008,Financial Services,miqp,-0.075047
ISRG,2022-03-31,0.043587,0.16501,Healthcare,miqp,0.06136
BX,2022-03-31,0.042568,0.222792,Financial Services,miqp,-0.024002
FTNT,2022-03-31,0.041392,0.190189,Technology,miqp,0.146671
STLA,2022-03-31,0.041159,0.210771,Consumer Cyclical,miqp,-0.156584
NXPI,2022-03-31,0.036316,0.187233,Technology,miqp,-0.094822
SKM,2022-03-31,0.030946,0.147582,Communication Services,miqp,-0.012815
AMAT,2022-03-31,0.029695,0.192062,Technology,miqp,-0.044484
AIG,2022-03-31,0.029482,0.182399,Financial Services,miqp,0.091281
CPRT,2022-03-31,0.025659,0.173014,Consumer Cyclical,miqp,-0.02908
BN,2022-03-31,0.024674,0.163626,Financial Services,miqp,0.029068
SNWV,2022-03-31,0.023154,0.393985,Healthcare,miqp,-0.176471
CNQ,2022-03-31,0.019651,0.144975,Energy,miqp,0.221715
CNH,2022-03-31,0.01622,0.180052,Industrials,miqp,0.047569
PDD,2022-03-31,0.007404,0.253841,Consumer Cyclical,miqp,-0.329713
NTRS,2022-03-31,0.004665,0.18001,Financial Services,miqp,0.004776
CRESY,2022-03-31,0.003732,0.1652,Industrials,miqp,0.434675
SCCO,2022-03-31,0.003643,0.14235,Basic Materials,miqp,0.185009
ITUB,2022-03-31,0.003473,0.147852,Financial Services,miqp,0.202905
CUK,2022-03-31,0.002,0.233291,Consumer Cyclical,miqp,0.0
FCX,2022-04-30,0.061003,0.203085,Basic Materials,miqp,0.077652
OKE,2022-04-30,0.059078,0.158042,Energy,miqp,0.054434
CTAS,2022-04-30,0.056773,0.132065,Industrials,miqp,0.015325
MT,2022-04-30,0.055024,0.223357,Basic Materials,miqp,-0.014877
MA,2022-04-30,0.052567,0.167664,Financial Services,miqp,-0.05756
AMP,2022-04-30,0.050549,0.20414,Financial Services,miqp,-0.124184
STLA,2022-04-30,0.05,0.2091,Consumer Cyclical,miqp,-0.228904
XYZ,2022-04-30,0.05,0.279026,Technology,miqp,-0.224462
PUK,2022-04-30,0.048533,0.209217,Financial Services,miqp,-0.249439
MELI,2022-04-30,0.048005,0.232279,Consumer Cyclical,miqp,-0.140196
ASML,2022-04-30,0.046467,0.204834,Technology,miqp,-0.167488
CRESY,2022-04-30,0.044897,0.183657,Industrials,miqp,0.00758
FTNT,2022-04-30,0.040035,0.205469,Technology,miqp,-0.030821
ISRG,2022-04-30,0.039545,0.181894,Healthcare,miqp,-0.158123
BX,2022-04-30,0.039438,0.224356,Financial Services,miqp,-0.208677
NXPI,2022-04-30,0.038355,0.179357,Technology,miqp,-0.16059
SKM,2022-04-30,0.034558,0.141485,Communication Services,miqp,-0.035153
AIG,2022-04-30,0.031433,0.183342,Financial Services,miqp,0.016822
AMAT,2022-04-30,0.028438,0.194931,Technology,miqp,-0.199955
CPRT,2022-04-30,0.026579,0.167406,Consumer Cyclical,miqp,-0.120325
CNQ,2022-04-30,0.022441,0.146339,Energy,miqp,0.21212
SNWV,2022-04-30,0.02092,0.396661,Healthcare,miqp,-0.411765
BN,2022-04-30,0.019425,0.169483,Financial Services,miqp,-0.093262
CNH,2022-04-30,0.016913,0.172204,Industrials,miqp,-0.044206
CUK,2022-04-30,0.007552,0.224932,Consumer Cyclical,miqp,-0.030089
NTRS,2022-04-30,0.004722,0.175269,Financial Services,miqp,-0.109538
SCCO,2022-04-30,0.003418,0.137415,Basic Materials,miqp,-0.028968
ITUB,2022-04-30,0.003334,0.156831,Financial Services,miqp,0.008748
MT,2022-05-31,0.061134,0.224967,Basic Materials,miqp,0.099422
OKE,2022-05-31,0.060941,0.165517,Energy,miqp,0.095621
FCX,2022-05-31,0.058322,0.219468,Basic Materials,miqp,0.036704
CTAS,2022-05-31,0.05662,0.144204,Industrials,miqp,0.020539
STLA,2022-05-31,0.056015,0.210343,Consumer Cyclical,miqp,-0.118948
AMP,2022-05-31,0.052424,0.212846,Financial Services,miqp,-0.083851
MA,2022-05-31,0.051357,0.175481,Financial Services,miqp,-0.071819
PUK,2022-05-31,0.050621,0.225031,Financial Services,miqp,-0.207099
CRESY,2022-05-31,0.048182,0.19645,Industrials,miqp,-0.09966
ASML,2022-05-31,0.047396,0.217406,Technology,miqp,-0.143666
BX,2022-05-31,0.045373,0.233836,Financial Services,miqp,-0.067005
XYZ,2022-05-31,0.044116,0.305131,Technology,miqp,-0.31933
ISRG,2022-05-31,0.043938,0.195382,Healthcare,miqp,-0.196586
NXPI,2022-05-31,0.042248,0.184402,Technology,miqp,-0.065267
FTNT,2022-05-31,0.040424,0.196997,Technology,miqp,-0.013523
MELI,2022-05-31,0.03844,0.275946,Consumer Cyclical,miqp,-0.306021
AIG,2022-05-31,0.031269,0.19226,Financial Services,miqp,0.018529
AMAT,2022-05-31,0.030058,0.201723,Technology,miqp,-0.146159
CPRT,2022-05-31,0.026572,0.170131,Consumer Cyclical,miqp,-0.113478
SKM,2022-05-31,0.023978,0.134054,Communication Services,miqp,-0.013889
CNQ,2022-05-31,0.023865,0.162112,Energy,miqp,0.294118
CNH,2022-05-31,0.017656,0.171102,Industrials,miqp,0.005727
GPN,2022-05-31,0.012351,0.182284,Industrials,miqp,0.0
BN,2022-05-31,0.010089,0.183438,Financial Services,miqp,-0.077781
DVN,2022-05-31,0.0082,0.20279,Energy,miqp,0.0
CUK,2022-05-31,0.006102,0.24929,Consumer Cyclical,miqp,-0.205746
NTRS,2022-05-31,0.00508,0.176674,Financial Services,miqp,-0.031905
ITUB,2022-05-31,0.003787,0.156605,Financial Services,miqp,0.144222
SCCO,2022-05-31,0.003442,0.148599,Basic Materials,miqp,-0.014175
CTAS,2022-06-30,0.064224,0.152726,Industrials,miqp,-0.041321
OKE,2022-06-30,0.062132,0.169874,Energy,miqp,-0.076128
PUK,2022-06-30,0.058264,0.223921,Financial Services,miqp,-0.230422
STLA,2022-06-30,0.055436,0.215154,Consumer Cyclical,miqp,-0.261658
AMP,2022-06-30,0.054556,0.21539,Financial Services,miqp,-0.21021
FCX,2022-06-30,0.052824,0.224901,Basic Materials,miqp,-0.225246
MA,2022-06-30,0.05259,0.184238,Financial Services,miqp,-0.181387
MT,2022-06-30,0.051661,0.228525,Basic Materials,miqp,-0.232995
CRESY,2022-06-30,0.05,0.219743,Industrials,miqp,-0.347295
XYZ,2022-06-30,0.048252,0.341101,Technology,miqp,-0.497502
ASML,2022-06-30,0.047341,0.233169,Technology,miqp,-0.292828
FTNT,2022-06-30,0.047027,0.21042,Technology,miqp,-0.046597
ISRG,2022-06-30,0.04686,0.200765,Healthcare,miqp,-0.284748
BX,2022-06-30,0.042507,0.252129,Financial Services,miqp,-0.273895
MELI,2022-06-30,0.037681,0.314802,Consumer Cyclical,miqp,-0.437632
AIG,2022-06-30,0.033161,0.1944,Financial Services,miqp,-0.103178
CPRT,2022-06-30,0.030502,0.173776,Consumer Cyclical,miqp,-0.156457
AMAT,2022-06-30,0.028203,0.22072,Technology,miqp,-0.337461
NXPI,2022-06-30,0.024529,0.181562,Technology,miqp,-0.265891
CNQ,2022-06-30,0.023586,0.160859,Energy,miqp,0.053012
CUK,2022-06-30,0.020908,0.291563,Consumer Cyclical,miqp,-0.217755
CNH,2022-06-30,0.01658,0.183284,Industrials,miqp,-0.219268
SKM,2022-06-30,0.016296,0.132544,Communication Services,miqp,-0.128306
GPN,2022-06-30,0.012638,0.194662,Industrials,miqp,-0.153564
DVN,2022-06-30,0.007419,0.186195,Energy,miqp,-0.25199
NTRS,2022-06-30,0.005339,0.17812,Financial Services,miqp,-0.151104
ITUB,2022-06-30,0.003583,0.165936,Financial Services,miqp,-0.107753
SCCO,2022-06-30,0.003357,0.148133,Basic Materials,miqp,-0.206181
BHC,2022-06-30,0.002544,0.227363,Healthcare,miqp,0.0
CTAS,2022-07-31,0.065165,0.150451,Industrials,miqp,0.091936
OKE,2022-07-31,0.060499,0.164078,Energy,miqp,0.00887
AMP,2022-07-31,0.055183,0.21503,Financial Services,miqp,-0.102868
XYZ,2022-07-31,0.053187,0.349013,Technology,miqp,-0.358116
MA,2022-07-31,0.052609,0.175628,Financial Services,miqp,-0.080586
PUK,2022-07-31,0.051521,0.222574,Financial Services,miqp,-0.226283
CRESY,2022-07-31,0.05151,0.224371,Industrials,miqp,-0.24314
FCX,2022-07-31,0.051021,0.227169,Basic Materials,miqp,-0.161843
ASML,2022-07-31,0.050899,0.237341,Technology,miqp,-0.144752
MT,2022-07-31,0.05006,0.232139,Basic Materials,miqp,-0.167729
ISRG,2022-07-31,0.047864,0.209736,Healthcare,miqp,-0.179015
AIG,2022-07-31,0.044442,0.187158,Financial Services,miqp,-0.075607
FTNT,2022-07-31,0.044159,0.22371,Technology,miqp,0.00548
BX,2022-07-31,0.042889,0.259852,Financial Services,miqp,-0.176882
MELI,2022-07-31,0.042881,0.321981,Consumer Cyclical,miqp,-0.275843
PLD,2022-07-31,0.039859,0.164435,Real Estate,miqp,0.0
CPRT,2022-07-31,0.032027,0.178182,Consumer Cyclical,miqp,-0.005539
AMAT,2022-07-31,0.029263,0.223644,Technology,miqp,-0.226467
NXPI,2022-07-31,0.027139,0.183661,Technology,miqp,-0.085286
CNQ,2022-07-31,0.021605,0.162139,Energy,miqp,0.076683
CUK,2022-07-31,0.019283,0.281395,Consumer Cyclical,miqp,-0.084682
CNH,2022-07-31,0.016464,0.190578,Industrials,miqp,-0.129634
SKM,2022-07-31,0.014912,0.127892,Communication Services,miqp,-0.104311
GPN,2022-07-31,0.012446,0.186318,Industrials,miqp,-0.064052
HCA,2022-07-31,0.007982,0.165616,Healthcare,miqp,0.0
DVN,2022-07-31,0.007535,0.191509,Energy,miqp,-0.144823
ITUB,2022-07-31,0.003357,0.155522,Financial Services,miqp,-0.065645
SCCO,2022-07-31,0.002989,0.150074,Basic Materials,miqp,-0.20725
BHC,2022-07-31,0.001252,0.193362,Healthcare,miqp,-0.447368
CTAS,2022-08-31,0.065897,0.150462,Industrials,miqp,0.046762
OKE,2022-08-31,0.065417,0.159172,Energy,miqp,0.033269
CRESY,2022-08-31,0.058296,0.227391,Industrials,miqp,-0.180966
AMP,2022-08-31,0.058066,0.215075,Financial Services,miqp,-0.104012
MA,2022-08-31,0.050879,0.180277,Financial Services,miqp,-0.156972
XYZ,2022-08-31,0.050829,0.370747,Technology,miqp,-0.418363
MT,2022-08-31,0.050659,0.227895,Basic Materials,miqp,-0.200105
FCX,2022-08-31,0.050485,0.226416,Basic Materials,miqp,-0.216157
MELI,2022-08-31,0.047547,0.333925,Consumer Cyclical,miqp,-0.234563
AIG,2022-08-31,0.046859,0.189225,Financial Services,miqp,-0.07322
PUK,2022-08-31,0.046237,0.216072,Financial Services,miqp,-0.326586
ASML,2022-08-31,0.045885,0.243278,Technology,miqp,-0.268816
ISRG,2022-08-31,0.04513,0.211333,Healthcare,miqp,-0.265053
BX,2022-08-31,0.041636,0.266388,Financial Services,miqp,-0.236812
PLD,2022-08-31,0.039492,0.164085,Real Estate,miqp,-0.060702
FTNT,2022-08-31,0.038022,0.217139,Technology,miqp,-0.178937
CPRT,2022-08-31,0.031547,0.177869,Consumer Cyclical,miqp,-0.071075
AMAT,2022-08-31,0.027467,0.235334,Technology,miqp,-0.311047
NXPI,2022-08-31,0.025622,0.193782,Technology,miqp,-0.178711
CNQ,2022-08-31,0.023105,0.153775,Energy,miqp,0.088945
CUK,2022-08-31,0.021061,0.295822,Consumer Cyclical,miqp,-0.047822
CNH,2022-08-31,0.016443,0.192655,Industrials,miqp,-0.176046
GPN,2022-08-31,0.013333,0.185977,Industrials,miqp,-0.048888
SKM,2022-08-31,0.009668,0.12384,Communication Services,miqp,-0.166093
DVN,2022-08-31,0.008932,0.178075,Energy,miqp,-0.032903
HCA,2022-08-31,0.007843,0.16421,Healthcare,miqp,-0.068496
STLA,2022-08-31,0.004292,0.225642,Consumer Cyclical,miqp,-0.112795
ITUB,2022-08-31,0.003933,0.155828,Financial Services,miqp,0.032714
SCCO,2022-08-31,0.003028,0.147591,Basic Materials,miqp,-0.238284
RKT,2022-08-31,0.002389,0.23222,Financial Services,miqp,0.0
CTAS,2022-09-30,0.07,0.090028,Industrials,miqp,-0.001217
OKE,2022-09-30,0.061351,0.085319,Energy,miqp,-0.137116
AMP,2022-09-30,0.061182,0.127632,Financial Services,miqp,-0.156045
FCX,2022-09-30,0.052251,0.144752,Basic Materials,miqp,-0.274164
CRESY,2022-09-30,0.05125,0.127584,Industrials,miqp,-0.283612
MA,2022-09-30,0.049991,0.119145,Financial Services,miqp,-0.260934
PUK,2022-09-30,0.048909,0.118546,Financial Services,miqp,-0.348353
AIG,2022-09-30,0.048476,0.110885,Financial Services,miqp,-0.141188
MT,2022-09-30,0.047916,0.137554,Basic Materials,miqp,-0.328292
MELI,2022-09-30,0.046103,0.237296,Consumer Cyclical,miqp,-0.257822
ISRG,2022-09-30,0.046086,0.120999,Healthcare,miqp,-0.329429
ASML,2022-09-30,0.043602,0.161142,Technology,miqp,-0.379848
FTNT,2022-09-30,0.043003,0.154183,Technology,miqp,-0.165887
XYZ,2022-09-30,0.042115,0.261221,Technology,miqp,-0.525928
PLD,2022-09-30,0.036352,0.089635,Real Estate,miqp,-0.228633
CPRT,2022-09-30,0.031447,0.115059,Consumer Cyclical,miqp,-0.173567
AMAT,2022-09-30,0.026814,0.153584,Technology,miqp,-0.399125
BX,2022-09-30,0.026624,0.168806,Financial Services,miqp,-0.316882
NXPI,2022-09-30,0.025882,0.130347,Technology,miqp,-0.258799
BIIB,2022-09-30,0.023511,0.116206,Healthcare,miqp,0.0
CNQ,2022-09-30,0.022234,0.079696,Energy,miqp,-0.074357
TM,2022-09-30,0.022221,0.096752,Consumer Cyclical,miqp,0.0
CNH,2022-09-30,0.016836,0.11733,Industrials,miqp,-0.243981
GPN,2022-09-30,0.013022,0.114519,Industrials,miqp,-0.171045
SKM,2022-09-30,0.009919,0.082862,Communication Services,miqp,-0.235952
HCA,2022-09-30,0.008188,0.08755,Healthcare,miqp,-0.130939
BBDO,2022-09-30,0.00806,0.097799,Financial Services,miqp,0.0
ITUB,2022-09-30,0.004616,0.10017,Financial Services,miqp,0.076936
HCTI,2022-09-30,0.003519,0.106433,Healthcare,miqp,0.0
SCCO,2022-09-30,0.003233,0.091776,Basic Materials,miqp,-0.27371
FGEN,2022-09-30,0.003146,0.153294,Healthcare,miqp,0.0
RKT,2022-09-30,0.002141,0.149159,Financial Services,miqp,-0.200535
CTAS,2022-10-31,0.068774,0.101819,Industrials,miqp,0.100113
AMP,2022-10-31,0.066957,0.155189,Financial Services,miqp,0.034797
OKE,2022-10-31,0.064364,0.100936,Energy,miqp,0.0146
FCX,2022-10-31,0.054323,0.157695,Basic Materials,miqp,-0.152645
ISRG,2022-10-31,0.054052,0.13623,Healthcare,miqp,-0.113676
AIG,2022-10-31,0.051902,0.128309,Financial Services,miqp,0.029399
MA,2022-10-31,0.051549,0.127864,Financial Services,miqp,-0.145166
TM,2022-10-31,0.05,0.110962,Consumer Cyclical,miqp,0.038264
FTNT,2022-10-31,0.044626,0.170587,Technology,miqp,-0.029243
MELI,2022-10-31,0.044513,0.257322,Consumer Cyclical,miqp,-0.18964
CRESY,2022-10-31,0.044294,0.13887,Industrials,miqp,-0.301304
ASML,2022-10-31,0.044235,0.180845,Technology,miqp,-0.293862
PUK,2022-10-31,0.041186,0.13626,Financial Services,miqp,-0.351686
XYZ,2022-10-31,0.040965,0.274601,Technology,miqp,-0.468317
PLD,2022-10-31,0.035344,0.098758,Real Estate,miqp,-0.159176
CPRT,2022-10-31,0.030317,0.12447,Consumer Cyclical,miqp,-0.106378
AMAT,2022-10-31,0.025774,0.170351,Technology,miqp,-0.351014
CNQ,2022-10-31,0.025521,0.095268,Energy,miqp,0.176353
NXPI,2022-10-31,0.022862,0.140168,Technology,miqp,-0.262616
BIIB,2022-10-31,0.022262,0.113937,Healthcare,miqp,0.061573
XHG,2022-10-31,0.019627,0.218555,Real Estate,miqp,0.0
CNH,2022-10-31,0.017393,0.128091,Industrials,miqp,-0.122026
ITUB,2022-10-31,0.013128,0.119498,Financial Services,miqp,0.123185
BBDO,2022-10-31,0.012964,0.108512,Financial Services,miqp,0.047677
GPN,2022-10-31,0.012283,0.124668,Industrials,miqp,-0.123145
BX,2022-10-31,0.01023,0.18141,Financial Services,miqp,-0.225291
SKM,2022-10-31,0.008985,0.085255,Communication Services,miqp,-0.22388
HCA,2022-10-31,0.008642,0.101263,Healthcare,miqp,0.028069
FGEN,2022-10-31,0.003511,0.151037,Healthcare,miqp,0.242411
SCCO,2022-10-31,0.003021,0.095376,Basic Materials,miqp,-0.239993
HCTI,2022-10-31,0.002186,0.105699,Healthcare,miqp,-0.303523
ERIC,2022-10-31,0.002128,0.124837,Technology,miqp,0.0
RKT,2022-10-31,0.002085,0.165762,Financial Services,miqp,-0.127005
CTAS,2022-11-30,0.067386,0.106695,Industrials,miqp,0.191176
OKE,2022-11-30,0.065699,0.107054,Energy,miqp,0.143168
AMP,2022-11-30,0.065328,0.149423,Financial Services,miqp,0.116953
FCX,2022-11-30,0.061735,0.165513,Basic Materials,miqp,0.061264
ISRG,2022-11-30,0.053657,0.145771,Healthcare,miqp,-0.025192
AIG,2022-11-30,0.052,0.121967,Financial Services,miqp,0.139555
ASML,2022-11-30,0.051656,0.198915,Technology,miqp,-0.086067
MA,2022-11-30,0.050656,0.130834,Financial Services,miqp,-0.071531
TM,2022-11-30,0.048137,0.105242,Consumer Cyclical,miqp,0.101272
PUK,2022-11-30,0.047337,0.140566,Financial Services,miqp,-0.151637
CRESY,2022-11-30,0.045217,0.148612,Industrials,miqp,-0.210243
MELI,2022-11-30,0.041591,0.259208,Consumer Cyclical,miqp,-0.160695
FTNT,2022-11-30,0.037555,0.175417,Technology,miqp,-0.095816
PLD,2022-11-30,0.034015,0.106656,Real Estate,miqp,-0.105728
CPRT,2022-11-30,0.031756,0.125252,Consumer Cyclical,miqp,0.034189
AMAT,2022-11-30,0.029021,0.177932,Technology,miqp,-0.166402
NXPI,2022-11-30,0.024902,0.154113,Technology,miqp,-0.108034
ORCL,2022-11-30,0.023763,0.11651,Technology,miqp,0.0
CNQ,2022-11-30,0.023013,0.088357,Energy,miqp,0.151348
BIIB,2022-11-30,0.021689,0.100793,Healthcare,miqp,0.142959
CNH,2022-11-30,0.019507,0.131482,Industrials,miqp,0.077446
XHG,2022-11-30,0.017252,0.195784,Real Estate,miqp,-0.028593
XYZ,2022-11-30,0.014571,0.28567,Technology,miqp,-0.297264
ITUB,2022-11-30,0.010178,0.10702,Financial Services,miqp,-0.113063
GPN,2022-11-30,0.010095,0.128391,Industrials,miqp,-0.203317
BBDO,2022-11-30,0.009451,0.088572,Financial Services,miqp,-0.159964
BX,2022-11-30,0.009297,0.186568,Financial Services,miqp,-0.21959
SKM,2022-11-30,0.008914,0.086109,Communication Services,miqp,-0.148893
HCA,2022-11-30,0.008638,0.108287,Healthcare,miqp,0.135887
SCCO,2022-11-30,0.003585,0.100443,Basic Materials,miqp,-0.003107
BSAC,2022-11-30,0.003486,0.112172,Financial Services,miqp,0.0
FGEN,2022-11-30,0.002804,0.130792,Healthcare,miqp,0.094193
RKT,2022-11-30,0.002268,0.157695,Financial Services,miqp,0.047021
ERIC,2022-11-30,0.002201,0.121112,Technology,miqp,0.140271
HCTI,2022-11-30,0.001639,0.07555,Healthcare,miqp,-0.422764
CTAS,2022-12-31,0.066965,0.10117,Industrials,miqp,0.164906
OKE,2022-12-31,0.06555,0.106686,Energy,miqp,0.117788
AMP,2022-12-31,0.062265,0.144167,Financial Services,miqp,0.049234
FCX,2022-12-31,0.059895,0.164767,Basic Materials,miqp,0.009905
ISRG,2022-12-31,0.053505,0.133722,Healthcare,miqp,-0.040308
AIG,2022-12-31,0.053219,0.118034,Financial Services,miqp,0.145286
CRESY,2022-12-31,0.052563,0.151361,Industrials,miqp,-0.091274
MA,2022-12-31,0.05022,0.124043,Financial Services,miqp,-0.093957
TM,2022-12-31,0.05,0.108791,Consumer Cyclical,miqp,0.018232
ASML,2022-12-31,0.047161,0.195836,Technology,miqp,-0.177873
MELI,2022-12-31,0.038414,0.260839,Consumer Cyclical,miqp,-0.234193
FTNT,2022-12-31,0.035095,0.169806,Technology,miqp,-0.16696
PUK,2022-12-31,0.034022,0.13753,Financial Services,miqp,0.02008
PLD,2022-12-31,0.0333,0.103511,Real Estate,miqp,-0.138414
CPRT,2022-12-31,0.029524,0.125937,Consumer Cyclical,miqp,-0.053315
ABEV,2022-12-31,0.027295,0.105804,Consumer Defensive,miqp,0.0
AMAT,2022-12-31,0.026203,0.175846,Technology,miqp,-0.248968
ORCL,2022-12-31,0.023772,0.106886,Technology,miqp,-0.015472
NXPI,2022-12-31,0.022852,0.155942,Technology,miqp,-0.188314
CNQ,2022-12-31,0.021981,0.088985,Energy,miqp,0.04797
BIIB,2022-12-31,0.019998,0.101685,Healthcare,miqp,0.037154
CNH,2022-12-31,0.019848,0.120196,Industrials,miqp,0.078119
WF,2022-12-31,0.017461,0.12898,Financial Services,miqp,0.0
XYZ,2022-12-31,0.013729,0.294929,Technology,miqp,-0.297245
ITUB,2022-12-31,0.009974,0.112275,Financial Services,miqp,-0.145257
GPN,2022-12-31,0.009842,0.129811,Industrials,miqp,-0.235195
BBDO,2022-12-31,0.009645,0.095278,Financial Services,miqp,-0.154253
SKM,2022-12-31,0.008813,0.072395,Communication Services,miqp,-0.171654
HCA,2022-12-31,0.008788,0.100845,Healthcare,miqp,0.136849
BX,2022-12-31,0.007657,0.186915,Financial Services,miqp,-0.36649
SBS,2022-12-31,0.004679,0.109869,Utilities,miqp,0.0
SCCO,2022-12-31,0.003605,0.105082,Basic Materials,miqp,-0.013501
BSAC,2022-12-31,0.003594,0.105486,Financial Services,miqp,0.014067
FGEN,2022-12-31,0.003176,0.13611,Healthcare,miqp,0.209861
ERIC,2022-12-31,0.002053,0.125218,Technology,miqp,0.044317
RKT,2022-12-31,0.001943,0.159925,Financial Services,miqp,-0.118902
HCTI,2022-12-31,0.001392,0.117952,Healthcare,miqp,-0.517615
FCX,2023-01-31,0.064213,0.18705,Basic Materials,miqp,0.186087
AMP,2023-01-31,0.063712,0.157795,Financial Services,miqp,0.178542
OKE,2023-01-31,0.060798,0.100365,Energy,miqp,0.170777
CTAS,2023-01-31,0.059877,0.11597,Industrials,miqp,0.144554
ASML,2023-01-31,0.051906,0.2066,Technology,miqp,-0.005552
CRESY,2023-01-31,0.04902,0.148886,Industrials,miqp,-0.059125
TM,2023-01-31,0.049009,0.088847,Consumer Cyclical,miqp,0.09274
MELI,2023-01-31,0.048814,0.277064,Consumer Cyclical,miqp,0.063545
MA,2023-01-31,0.048785,0.137526,Financial Services,miqp,-0.032611
AIG,2023-01-31,0.048413,0.113643,Financial Services,miqp,0.156279
ISRG,2023-01-31,0.045082,0.168577,Healthcare,miqp,-0.108711
PLD,2023-01-31,0.034752,0.113727,Real Estate,miqp,-0.011763
FTNT,2023-01-31,0.03419,0.183319,Technology,miqp,-0.106103
CPRT,2023-01-31,0.02939,0.141535,Consumer Cyclical,miqp,0.036203
AMAT,2023-01-31,0.027299,0.18522,Technology,miqp,-0.136511
ABEV,2023-01-31,0.02435,0.106952,Consumer Defensive,miqp,-0.019685
NXPI,2023-01-31,0.024253,0.165236,Technology,miqp,-0.051571
MNST,2023-01-31,0.023845,0.119704,Consumer Defensive,miqp,0.0
ORCL,2023-01-31,0.023497,0.11648,Technology,miqp,0.069379
NFLX,2023-01-31,0.023255,0.210059,Communication Services,miqp,0.0
CNH,2023-01-31,0.019927,0.127748,Industrials,miqp,0.189006
BIIB,2023-01-31,0.019117,0.132997,Healthcare,miqp,0.089513
WF,2023-01-31,0.018286,0.118107,Financial Services,miqp,0.149774
XYZ,2023-01-31,0.016247,0.325516,Technology,miqp,-0.075076
MSI,2023-01-31,0.015905,0.133988,Technology,miqp,0.0
GPN,2023-01-31,0.010165,0.135435,Industrials,miqp,-0.13086
ITUB,2023-01-31,0.009618,0.090905,Financial Services,miqp,-0.100676
BX,2023-01-31,0.009013,0.197419,Financial Services,miqp,-0.174427
BBDO,2023-01-31,0.008662,0.07808,Financial Services,miqp,-0.170012
HCA,2023-01-31,0.008501,0.11901,Healthcare,miqp,0.208765
SKM,2023-01-31,0.00826,0.070647,Communication Services,miqp,-0.146656
ANET,2023-01-31,0.007997,0.182105,Technology,miqp,0.0
FGEN,2023-01-31,0.004258,0.151896,Healthcare,miqp,0.691142
SCCO,2023-01-31,0.004086,0.109068,Basic Materials,miqp,0.224467
XHG,2023-01-31,0.003122,0.126103,Real Estate,miqp,0.096296
RKT,2023-01-31,0.002377,0.165076,Financial Services,miqp,0.15086
AMP,2023-02-28,0.06413,0.142403,Financial Services,miqp,0.15792
CTAS,2023-02-28,0.060754,0.109407,Industrials,miqp,0.133556
FCX,2023-02-28,0.060391,0.166041,Basic Materials,miqp,0.084358
MELI,2023-02-28,0.051616,0.258292,Consumer Cyclical,miqp,0.094089
HOLO,2023-02-28,0.05,0.224754,Technology,miqp,0.0
ASML,2023-02-28,0.049785,0.205691,Technology,miqp,-0.067345
AIG,2023-02-28,0.047927,0.102555,Financial Services,miqp,0.14568
MA,2023-02-28,0.047902,0.1386,Financial Services,miqp,-0.072334
TM,2023-02-28,0.046375,0.089203,Consumer Cyclical,miqp,0.00554
ISRG,2023-02-28,0.04311,0.163665,Healthcare,miqp,-0.164946
FTNT,2023-02-28,0.039768,0.177142,Technology,miqp,0.014328
CRESY,2023-02-28,0.038757,0.132552,Industrials,miqp,0.058246
GOOG,2023-02-28,0.036991,0.168504,Communication Services,miqp,0.0
PLD,2023-02-28,0.033974,0.106504,Real Estate,miqp,-0.056647
CPRT,2023-02-28,0.031836,0.139523,Consumer Cyclical,miqp,0.094536
NFLX,2023-02-28,0.028555,0.213416,Communication Services,miqp,-0.08635
NXPI,2023-02-28,0.024054,0.157498,Technology,miqp,-0.068992
MNST,2023-02-28,0.023878,0.112233,Consumer Defensive,miqp,-0.022287
ABEV,2023-02-28,0.023838,0.100667,Consumer Defensive,miqp,-0.062992
ORCL,2023-02-28,0.023779,0.111175,Technology,miqp,0.05657
BIIB,2023-02-28,0.018163,0.139985,Healthcare,miqp,0.010712
MSI,2023-02-28,0.016657,0.127143,Technology,miqp,0.0222
WF,2023-02-28,0.016551,0.114668,Financial Services,miqp,0.01598
XYZ,2023-02-28,0.015624,0.299789,Technology,miqp,-0.053408
AMAT,2023-02-28,0.012391,0.182947,Technology,miqp,-0.093214
GPN,2023-02-28,0.010363,0.132217,Industrials,miqp,-0.134199
CNH,2023-02-28,0.009787,0.112697,Industrials,miqp,0.104259
ITUB,2023-02-28,0.009507,0.086167,Financial Services,miqp,-0.135745
ANET,2023-02-28,0.009012,0.178172,Technology,miqp,0.096801
MSFT,2023-02-28,0.008931,0.166771,Technology,miqp,0.0
BX,2023-02-28,0.008815,0.193587,Financial Services,miqp,-0.210461
HCA,2023-02-28,0.00831,0.111902,Healthcare,miqp,0.154124
BBDO,2023-02-28,0.008244,0.077254,Financial Services,miqp,-0.235735
SKM,2023-02-28,0.00759,0.067142,Communication Services,miqp,-0.234202
FGEN,2023-02-28,0.004102,0.160471,Healthcare,miqp,0.553136
SCCO,2023-02-28,0.004071,0.098195,Basic Materials,miqp,0.214733
XHG,2023-02-28,0.002463,0.132279,Real Estate,miqp,-0.155556
ACON,2023-02-28,0.002,0.116397,Healthcare,miqp,0.0
CTAS,2023-03-31,0.06234,0.106123,Industrials,miqp,0.195249
FCX,2023-03-31,0.058638,0.169133,Basic Materials,miqp,0.076665
AMP,2023-03-31,0.055747,0.127311,Financial Services,miqp,0.036579
MELI,2023-03-31,0.054228,0.237083,Consumer Cyclical,miqp,0.179112
ASML,2023-03-31,0.053349,0.189605,Technology,miqp,0.027226
TM,2023-03-31,0.047773,0.077062,Consumer Cyclical,miqp,0.064562
MA,2023-03-31,0.047646,0.118217,Financial Services,miqp,-0.050864
ISRG,2023-03-31,0.046688,0.155762,Healthcare,miqp,-0.068175
FTNT,2023-03-31,0.043239,0.172932,Technology,miqp,0.129714
KEP,2023-03-31,0.039042,0.109661,Utilities,miqp,0.0
MSFT,2023-03-31,0.035031,0.156436,Technology,miqp,0.067034
PLD,2023-03-31,0.033648,0.105603,Real Estate,miqp,-0.039051
CPRT,2023-03-31,0.033041,0.118129,Consumer Cyclical,miqp,0.166973
CRESY,2023-03-31,0.031427,0.161982,Industrials,miqp,-0.111287
NFLX,2023-03-31,0.029781,0.178624,Communication Services,miqp,-0.019952
AIG,2023-03-31,0.026813,0.088322,Financial Services,miqp,-0.047446
ABEV,2023-03-31,0.025714,0.099804,Consumer Defensive,miqp,0.038477
MNST,2023-03-31,0.024648,0.09242,Consumer Defensive,miqp,0.037727
NXPI,2023-03-31,0.024582,0.143305,Technology,miqp,-0.021209
ORCL,2023-03-31,0.024582,0.101774,Technology,miqp,0.122697
AMZN,2023-03-31,0.020706,0.195884,Consumer Cyclical,miqp,0.0
TEAM,2023-03-31,0.019978,0.248154,Technology,miqp,0.0
BIIB,2023-03-31,0.018197,0.096159,Healthcare,miqp,0.04125
MSI,2023-03-31,0.017695,0.108616,Technology,miqp,0.114327
WF,2023-03-31,0.015109,0.10249,Financial Services,miqp,-0.04643
AMAT,2023-03-31,0.012742,0.165689,Technology,miqp,-0.040524
ANET,2023-03-31,0.010609,0.165992,Technology,miqp,0.310753
ITUB,2023-03-31,0.009502,0.091844,Financial Services,miqp,-0.115728
GPN,2023-03-31,0.009476,0.126455,Industrials,miqp,-0.184891
CNH,2023-03-31,0.008824,0.120316,Industrials,miqp,0.023312
HCA,2023-03-31,0.008774,0.092001,Healthcare,miqp,0.249398
BX,2023-03-31,0.008293,0.182888,Financial Services,miqp,-0.235507
BBDO,2023-03-31,0.008284,0.070002,Financial Services,miqp,-0.209244
HOLO,2023-03-31,0.008191,0.041102,Technology,miqp,0.088235
SKM,2023-03-31,0.008063,0.071877,Communication Services,miqp,-0.162108
YPF,2023-03-31,0.006879,0.153732,Energy,miqp,0.0
SCCO,2023-03-31,0.004096,0.110667,Basic Materials,miqp,0.256657
FGEN,2023-03-31,0.003353,0.129227,Healthcare,miqp,0.269331
ACON,2023-03-31,0.001734,0.09313,Healthcare,miqp,-0.108489
XHG,2023-03-31,0.001536,0.043603,Real Estate,miqp,-0.458519
CTAS,2023-04-30,0.061658,0.097899,Industrials,miqp,0.177201
AMP,2023-04-30,0.055721,0.118955,Financial Services,miqp,0.034192
ISRG,2023-04-30,0.055272,0.13548,Healthcare,miqp,0.094916
FCX,2023-04-30,0.054759,0.152795,Basic Materials,miqp,-0.005231
MELI,2023-04-30,0.052772,0.207672,Consumer Cyclical,miqp,0.145437
ASML,2023-04-30,0.050114,0.184939,Technology,miqp,-0.037309
MA,2023-04-30,0.050104,0.115051,Financial Services,miqp,-0.005856
MSFT,2023-04-30,0.05,0.153312,Technology,miqp,0.103409
TM,2023-04-30,0.046489,0.069834,Consumer Cyclical,miqp,0.026934
FTNT,2023-04-30,0.041187,0.150903,Technology,miqp,0.07367
KEP,2023-04-30,0.039652,0.070512,Utilities,miqp,0.011433
AMZN,2023-04-30,0.037827,0.185114,Consumer Cyclical,miqp,0.013473
CPRT,2023-04-30,0.034878,0.110035,Consumer Cyclical,miqp,0.224442
CRESY,2023-04-30,0.030555,0.142118,Industrials,miqp,-0.132443
NFLX,2023-04-30,0.028556,0.163706,Communication Services,miqp,-0.063423
AIG,2023-04-30,0.028357,0.084665,Financial Services,miqp,0.003161
MNST,2023-04-30,0.02566,0.088072,Consumer Defensive,miqp,0.075271
ABEV,2023-04-30,0.025623,0.072802,Consumer Defensive,miqp,0.030252
ORCL,2023-04-30,0.025266,0.093986,Technology,miqp,0.148745
PLD,2023-04-30,0.022352,0.096666,Real Estate,miqp,-0.035015
NXPI,2023-04-30,0.021672,0.13314,Technology,miqp,-0.123517
BIIB,2023-04-30,0.019992,0.087129,Healthcare,miqp,0.129321
MSI,2023-04-30,0.018094,0.099492,Technology,miqp,0.133808
TEAM,2023-04-30,0.017304,0.213523,Technology,miqp,-0.137349
WF,2023-04-30,0.015342,0.099681,Financial Services,miqp,-0.03555
AMAT,2023-04-30,0.011773,0.163224,Technology,miqp,-0.112228
GPN,2023-04-30,0.01019,0.125157,Industrials,miqp,-0.124128
ANET,2023-04-30,0.010162,0.144647,Technology,miqp,0.243912
ITUB,2023-04-30,0.010082,0.062017,Financial Services,miqp,-0.062114
HCA,2023-04-30,0.0096,0.082938,Healthcare,miqp,0.352345
BX,2023-04-30,0.008549,0.1677,Financial Services,miqp,-0.213663
CNH,2023-04-30,0.008416,0.108489,Industrials,miqp,-0.028317
SKM,2023-04-30,0.007798,0.069487,Communication Services,miqp,-0.192659
YPF,2023-04-30,0.006995,0.130636,Energy,miqp,0.012706
SCCO,2023-04-30,0.004144,0.09673,Basic Materials,miqp,0.265753
FGEN,2023-04-30,0.003089,0.134298,Healthcare,miqp,0.11878
CTAS,2023-05-31,0.061889,0.08888,Industrials,miqp,0.22233
ASML,2023-05-31,0.055122,0.178071,Technology,miqp,0.084987
ISRG,2023-05-31,0.054598,0.121964,Healthcare,miqp,0.1232
AMP,2023-05-31,0.052938,0.113713,Financial Services,miqp,0.01998
MSFT,2023-05-31,0.051765,0.150274,Technology,miqp,0.176729
ORLY,2023-05-31,0.05,0.082313,Consumer Cyclical,miqp,0.0
MELI,2023-05-31,0.049471,0.16273,Consumer Cyclical,miqp,0.114024
FCX,2023-05-31,0.047941,0.125566,Basic Materials,miqp,-0.104693
MA,2023-05-31,0.046517,0.104876,Financial Services,miqp,-0.044799
TM,2023-05-31,0.044543,0.061241,Consumer Cyclical,miqp,0.012681
FTNT,2023-05-31,0.043144,0.142972,Technology,miqp,0.160106
AMZN,2023-05-31,0.041809,0.153767,Consumer Cyclical,miqp,0.155813
CPRT,2023-05-31,0.037345,0.105654,Consumer Cyclical,miqp,0.351338
NFLX,2023-05-31,0.033064,0.155752,Communication Services,miqp,0.117614
CRESY,2023-05-31,0.03243,0.111058,Industrials,miqp,-0.046161
NVDA,2023-05-31,0.032076,0.219625,Technology,miqp,0.0
ORCL,2023-05-31,0.027315,0.088104,Technology,miqp,0.281952
MNST,2023-05-31,0.025963,0.077172,Consumer Defensive,miqp,0.125407
ABEV,2023-05-31,0.024672,0.053725,Consumer Defensive,miqp,0.025538
SPOT,2023-05-31,0.022338,0.168299,Communication Services,miqp,0.0
KEP,2023-05-31,0.019727,0.044487,Utilities,miqp,0.045981
GOOG,2023-05-31,0.017651,0.140146,Communication Services,miqp,0.366266
MSI,2023-05-31,0.01692,0.088207,Technology,miqp,0.095441
WF,2023-05-31,0.014957,0.0856,Financial Services,miqp,-0.027445
AMAT,2023-05-31,0.013455,0.15606,Technology,miqp,0.04725
BIIB,2023-05-31,0.01336,0.07064,Healthcare,miqp,0.091785
ANET,2023-05-31,0.010203,0.143881,Technology,miqp,0.291552
GPN,2023-05-31,0.008537,0.109621,Industrials,miqp,-0.239129
HCA,2023-05-31,0.008532,0.091533,Healthcare,miqp,0.241174
SKM,2023-05-31,0.007971,0.053088,Communication Services,miqp,-0.145703
BX,2023-05-31,0.007921,0.153385,Financial Services,miqp,-0.229753
CNH,2023-05-31,0.0074,0.093553,Industrials,miqp,-0.116287
YPF,2023-05-31,0.006682,0.106184,Energy,miqp,0.000857
ITUB,2023-05-31,0.005209,0.050033,Financial Services,miqp,-0.075382
SCCO,2023-05-31,0.003525,0.083234,Basic Materials,miqp,0.113353
FGEN,2023-05-31,0.003008,0.093285,Healthcare,miqp,0.048762
CTAS,2023-06-30,0.060563,0.078612,Industrials,miqp,0.28653
ISRG,2023-06-30,0.056373,0.110618,Healthcare,miqp,0.245445
AMP,2023-06-30,0.054762,0.102402,Financial Services,miqp,0.132745
FCX,2023-06-30,0.051905,0.121972,Basic Materials,miqp,0.041486
ASML,2023-06-30,0.051366,0.15653,Technology,miqp,0.08797
ORLY,2023-06-30,0.05,0.078868,Consumer Cyclical,miqp,0.057622
MSFT,2023-06-30,0.049899,0.142401,Technology,miqp,0.201425
TM,2023-06-30,0.048893,0.064669,Consumer Cyclical,miqp,0.188498
MA,2023-06-30,0.046589,0.089272,Financial Services,miqp,0.029191
FTNT,2023-06-30,0.044365,0.137977,Technology,miqp,0.279658
MELI,2023-06-30,0.043966,0.131095,Consumer Cyclical,miqp,0.068176
NVDA,2023-06-30,0.042046,0.210252,Technology,miqp,0.100966
AMZN,2023-06-30,0.042015,0.142113,Consumer Cyclical,miqp,0.249309
CRESY,2023-06-30,0.036902,0.087541,Industrials,miqp,0.158141
CPRT,2023-06-30,0.036156,0.094774,Consumer Cyclical,miqp,0.406958
NFLX,2023-06-30,0.034254,0.136539,Communication Services,miqp,0.243317
ORCL,2023-06-30,0.028541,0.086043,Technology,miqp,0.438341
MNST,2023-06-30,0.023648,0.072019,Consumer Defensive,miqp,0.102644
SPOT,2023-06-30,0.022389,0.147955,Communication Services,miqp,0.078205
KEP,2023-06-30,0.019575,0.041389,Utilities,miqp,0.116514
ABEV,2023-06-30,0.019,0.042355,Consumer Defensive,miqp,0.164918
GOOG,2023-06-30,0.016088,0.126452,Communication Services,miqp,0.339675
WF,2023-06-30,0.01414,0.077794,Financial Services,miqp,-0.011116
MSI,2023-06-30,0.01385,0.076296,Technology,miqp,0.140683
CCL,2023-06-30,0.012029,0.179584,Consumer Cyclical,miqp,0.0
AMAT,2023-06-30,0.010693,0.137288,Technology,miqp,0.137887
ANET,2023-06-30,0.00924,0.13519,Technology,miqp,0.247441
HCA,2023-06-30,0.009129,0.071078,Healthcare,miqp,0.419307
FGEN,2023-06-30,0.008934,0.12634,Healthcare,miqp,-0.281422
YPF,2023-06-30,0.008415,0.094404,Energy,miqp,0.334599
GPN,2023-06-30,0.008023,0.086036,Industrials,miqp,-0.228195
BX,2023-06-30,0.007993,0.139093,Financial Services,miqp,-0.16332
CNH,2023-06-30,0.007721,0.085326,Industrials,miqp,-0.008002
SKM,2023-06-30,0.007018,0.057335,Communication Services,miqp,-0.19059
SCCO,2023-06-30,0.003521,0.083136,Basic Materials,miqp,0.195482
CTAS,2023-07-31,0.060327,0.078426,Industrials,miqp,0.299034
FCX,2023-07-31,0.057361,0.110507,Basic Materials,miqp,0.160166
AMP,2023-07-31,0.056656,0.09998,Financial Services,miqp,0.187774
ISRG,2023-07-31,0.052745,0.111327,Healthcare,miqp,0.185966
TM,2023-07-31,0.050468,0.063845,Consumer Cyclical,miqp,0.240651
ASML,2023-07-31,0.050076,0.160801,Technology,miqp,0.075802
ORLY,2023-07-31,0.05,0.08042,Consumer Cyclical,miqp,0.024909
MSFT,2023-07-31,0.05,0.160055,Technology,miqp,0.18476
NVDA,2023-07-31,0.05,0.228006,Technology,miqp,0.193752
MA,2023-07-31,0.046129,0.095681,Financial Services,miqp,0.033657
MELI,2023-07-31,0.045317,0.129144,Consumer Cyclical,miqp,0.114816
FTNT,2023-07-31,0.044987,0.137977,Technology,miqp,0.313625
AMZN,2023-07-31,0.042492,0.133421,Consumer Cyclical,miqp,0.280477
CRESY,2023-07-31,0.037487,0.084984,Industrials,miqp,0.191512
CPRT,2023-07-31,0.034556,0.091121,Consumer Cyclical,miqp,0.362836
NFLX,2023-07-31,0.033666,0.131569,Communication Services,miqp,0.238727
ORCL,2023-07-31,0.027805,0.090245,Technology,miqp,0.419906
TV,2023-07-31,0.02485,0.131128,Communication Services,miqp,0.0
MNST,2023-07-31,0.023343,0.07471,Consumer Defensive,miqp,0.103471
SPOT,2023-07-31,0.020549,0.136002,Communication Services,miqp,0.003385
GOOG,2023-07-31,0.017458,0.125116,Communication Services,miqp,0.459772
MCD,2023-07-31,0.015297,0.075299,Consumer Cyclical,miqp,0.0
WF,2023-07-31,0.014214,0.072914,Financial Services,miqp,0.007955
CCL,2023-07-31,0.01187,0.166286,Consumer Cyclical,miqp,0.000531
AMAT,2023-07-31,0.01106,0.150935,Technology,miqp,0.192016
BX,2023-07-31,0.008954,0.139869,Financial Services,miqp,-0.047626
GPN,2023-07-31,0.008855,0.096655,Industrials,miqp,-0.130671
ANET,2023-07-31,0.008719,0.131604,Technology,miqp,0.172584
YPF,2023-07-31,0.008299,0.080269,Energy,miqp,0.32839
HCA,2023-07-31,0.008093,0.084297,Healthcare,miqp,0.270891
MSI,2023-07-31,0.007352,0.078167,Technology,miqp,0.112852
SKM,2023-07-31,0.007118,0.042299,Communication Services,miqp,-0.167231
CNH,2023-07-31,0.00506,0.073864,Industrials,miqp,-0.019801
SCCO,2023-07-31,0.004232,0.086445,Basic Materials,miqp,0.443957
META,2023-07-31,0.002603,0.14141,Communication Services,miqp,0.0
KEP,2023-07-31,0.002,0.040802,Utilities,miqp,0.094897
CTAS,2023-08-31,0.061543,0.073153,Industrials,miqp,0.306656
AMP,2023-08-31,0.055821,0.089555,Financial Services,miqp,0.161034
NVDA,2023-08-31,0.053496,0.172708,Technology,miqp,0.249281
FCX,2023-08-31,0.05194,0.105364,Basic Materials,miqp,0.030931
ISRG,2023-08-31,0.051504,0.102668,Healthcare,miqp,0.148052
ORLY,2023-08-31,0.051417,0.08028,Consumer Cyclical,miqp,0.040206
MELI,2023-08-31,0.05089,0.140764,Consumer Cyclical,miqp,0.223435
MSFT,2023-08-31,0.05,0.141316,Technology,miqp,0.158427
MA,2023-08-31,0.048909,0.088579,Financial Services,miqp,0.080988
ASML,2023-08-31,0.046862,0.146297,Technology,miqp,-0.005854
AMZN,2023-08-31,0.044442,0.122077,Consumer Cyclical,miqp,0.318941
TM,2023-08-31,0.042706,0.053327,Consumer Cyclical,miqp,0.265576
CRESY,2023-08-31,0.038136,0.072567,Industrials,miqp,0.194883
CPRT,2023-08-31,0.035507,0.085739,Consumer Cyclical,miqp,0.379587
FTNT,2023-08-31,0.035307,0.128204,Technology,miqp,0.017992
NFLX,2023-08-31,0.033695,0.124087,Communication Services,miqp,0.223738
ORCL,2023-08-31,0.028929,0.086721,Technology,miqp,0.45537
TV,2023-08-31,0.028677,0.121101,Communication Services,miqp,-0.145298
MNST,2023-08-31,0.023615,0.073343,Consumer Defensive,miqp,0.101782
SPOT,2023-08-31,0.021453,0.131319,Communication Services,miqp,0.033683
GOOG,2023-08-31,0.01825,0.112469,Communication Services,miqp,0.497588
MCD,2023-08-31,0.01494,0.069664,Consumer Cyclical,miqp,-0.03594
WF,2023-08-31,0.013997,0.06182,Financial Services,miqp,-0.020647
AMAT,2023-08-31,0.011316,0.131997,Technology,miqp,0.202884
ANET,2023-08-31,0.01112,0.114568,Technology,miqp,0.388626
GPN,2023-08-31,0.010309,0.087835,Industrials,miqp,-0.000945
CCL,2023-08-31,0.010098,0.152825,Consumer Cyclical,miqp,-0.159851
BX,2023-08-31,0.009207,0.118454,Financial Services,miqp,-0.032963
HCA,2023-08-31,0.008334,0.078952,Healthcare,miqp,0.288628
YPF,2023-08-31,0.008153,0.076795,Energy,miqp,0.27768
MSI,2023-08-31,0.007369,0.073954,Technology,miqp,0.10088
SKM,2023-08-31,0.007215,0.035683,Communication Services,miqp,-0.166458
GDS,2023-08-31,0.0056,0.182207,Technology,miqp,0.0
SCCO,2023-08-31,0.004003,0.082554,Basic Materials,miqp,0.34727
CNH,2023-08-31,0.00279,0.062432,Industrials,miqp,-0.11038
META,2023-08-31,0.002449,0.12903,Communication Services,miqp,-0.071277
CTAS,2023-09-30,0.063005,0.060643,Industrials,miqp,0.245309
AMP,2023-09-30,0.058494,0.073034,Financial Services,miqp,0.129067
ORLY,2023-09-30,0.053356,0.066222,Consumer Cyclical,miqp,0.005974
FCX,2023-09-30,0.052069,0.091992,Basic Materials,miqp,-0.036784
MSFT,2023-09-30,0.051684,0.124533,Technology,miqp,0.112572
ISRG,2023-09-30,0.05166,0.088348,Healthcare,miqp,0.073117
NVDA,2023-09-30,0.050593,0.184844,Technology,miqp,0.072836
MELI,2023-09-30,0.050448,0.121236,Consumer Cyclical,miqp,0.1321
MA,2023-09-30,0.050351,0.072591,Financial Services,miqp,0.036962
TV,2023-09-30,0.05,0.130266,Communication Services,miqp,-0.223471
ASML,2023-09-30,0.044812,0.123197,Technology,miqp,-0.113574
AMZN,2023-09-30,0.043923,0.112262,Consumer Cyclical,miqp,0.213168
FTNT,2023-09-30,0.036922,0.113563,Technology,miqp,-0.007735
CPRT,2023-09-30,0.03662,0.073167,Consumer Cyclical,miqp,0.323392
CRESY,2023-09-30,0.034241,0.065639,Industrials,miqp,0.004179
NFLX,2023-09-30,0.031479,0.108137,Communication Services,miqp,0.065143
ORCL,2023-09-30,0.027309,0.082689,Technology,miqp,0.279085
TM,2023-09-30,0.026948,0.045601,Consumer Cyclical,miqp,0.310932
MNST,2023-09-30,0.02337,0.058269,Consumer Defensive,miqp,0.016016
SPOT,2023-09-30,0.023119,0.114505,Communication Services,miqp,0.03752
GOOG,2023-09-30,0.018799,0.100596,Communication Services,miqp,0.432526
WF,2023-09-30,0.015604,0.058081,Financial Services,miqp,0.01696
MCD,2023-09-30,0.015021,0.043548,Consumer Cyclical,miqp,-0.096522
ANET,2023-09-30,0.01124,0.109876,Technology,miqp,0.305306
AMAT,2023-09-30,0.011004,0.112586,Technology,miqp,0.092052
GPN,2023-09-30,0.010095,0.075449,Industrials,miqp,-0.081812
BX,2023-09-30,0.009951,0.103457,Financial Services,miqp,-0.025174
CCL,2023-09-30,0.009397,0.14358,Consumer Cyclical,miqp,-0.271375
GDS,2023-09-30,0.008821,0.180246,Technology,miqp,-0.053612
HCA,2023-09-30,0.00795,0.06086,Healthcare,miqp,0.138302
MSI,2023-09-30,0.007615,0.057727,Technology,miqp,0.059484
YPF,2023-09-30,0.007421,0.088074,Energy,miqp,0.066994
SCCO,2023-09-30,0.004009,0.079863,Basic Materials,miqp,0.257488
META,2023-09-30,0.002666,0.116492,Communication Services,miqp,-0.053611
CTAS,2023-10-31,0.067989,0.052526,Industrials,miqp,0.306995
MSFT,2023-10-31,0.056648,0.126291,Technology,miqp,0.176097
ORLY,2023-10-31,0.055911,0.049097,Consumer Cyclical,miqp,0.02969
MELI,2023-10-31,0.050531,0.08978,Consumer Cyclical,miqp,0.107768
HSY,2023-10-31,0.05,0.063224,Consumer Defensive,miqp,0.0
GDS,2023-10-31,0.05,0.203813,Technology,miqp,-0.019369
NVDA,2023-10-31,0.05,0.176929,Technology,miqp,-0.088495
MA,2023-10-31,0.049063,0.065385,Financial Services,miqp,-0.012479
FCX,2023-10-31,0.048473,0.095571,Basic Materials,miqp,-0.12811
ISRG,2023-10-31,0.047437,0.076667,Healthcare,miqp,-0.033364
AMZN,2023-10-31,0.047069,0.105171,Consumer Cyclical,miqp,0.265703
TV,2023-10-31,0.038846,0.109231,Communication Services,miqp,-0.387985
CRESY,2023-10-31,0.037886,0.058286,Industrials,miqp,0.080357
CPRT,2023-10-31,0.037857,0.062526,Consumer Cyclical,miqp,0.333587
FTNT,2023-10-31,0.036819,0.093843,Technology,miqp,-0.032925
NFLX,2023-10-31,0.03513,0.09576,Communication Services,miqp,0.154481
ORCL,2023-10-31,0.027387,0.072761,Technology,miqp,0.253109
TM,2023-10-31,0.026882,0.057398,Consumer Cyclical,miqp,0.271905
SPOT,2023-10-31,0.025212,0.099691,Communication Services,miqp,0.10317
MNST,2023-10-31,0.023085,0.055295,Consumer Defensive,miqp,-0.019695
CDT,2023-10-31,0.018307,0.096344,Healthcare,miqp,0.0
GOOG,2023-10-31,0.018286,0.085836,Communication Services,miqp,0.348232
WF,2023-10-31,0.015438,0.049815,Financial Services,miqp,-0.01782
MCD,2023-10-31,0.0153,0.039297,Consumer Cyclical,miqp,-0.100474
ANET,2023-10-31,0.012533,0.103968,Technology,miqp,0.289612
BX,2023-10-31,0.008856,0.089326,Financial Services,miqp,-0.148224
GPN,2023-10-31,0.008842,0.060328,Industrials,miqp,-0.146749
CCL,2023-10-31,0.008034,0.107244,Consumer Cyclical,miqp,-0.391397
MSI,2023-10-31,0.007972,0.04963,Technology,miqp,0.082235
YPF,2023-10-31,0.006157,0.049436,Energy,miqp,-0.162686
AMAT,2023-10-31,0.005868,0.093285,Technology,miqp,0.150698
SCCO,2023-10-31,0.003864,0.077489,Basic Materials,miqp,0.183724
AMP,2023-10-31,0.002807,0.051963,Financial Services,miqp,-0.048288
ASML,2023-10-31,0.002771,0.096505,Technology,miqp,-0.170122
META,2023-10-31,0.002738,0.116693,Communication Services,miqp,-0.049118
CTAS,2023-11-30,0.064452,0.046151,Industrials,miqp,0.427723
MELI,2023-11-30,0.057201,0.081512,Consumer Cyclical,miqp,0.352531
MSFT,2023-11-30,0.055136,0.119842,Technology,miqp,0.300286
ORLY,2023-11-30,0.051164,0.053071,Consumer Cyclical,miqp,0.087075
NVDA,2023-11-30,0.05,0.162267,Technology,miqp,0.045234
GDS,2023-11-30,0.05,0.174265,Technology,miqp,-0.02413
ISRG,2023-11-30,0.048739,0.069484,Healthcare,miqp,0.144602
TV,2023-11-30,0.046852,0.108252,Communication Services,miqp,-0.136633
MA,2023-11-30,0.04676,0.057987,Financial Services,miqp,0.086323
FCX,2023-11-30,0.046423,0.083972,Basic Materials,miqp,-0.040515
HSY,2023-11-30,0.044819,0.061422,Consumer Defensive,miqp,0.009177
AMZN,2023-11-30,0.044782,0.082735,Consumer Cyclical,miqp,0.386753
CRESY,2023-11-30,0.03964,0.052088,Industrials,miqp,0.342114
CPRT,2023-11-30,0.037864,0.061095,Consumer Cyclical,miqp,0.538869
META,2023-11-30,0.035399,0.108078,Communication Services,miqp,0.00089
NFLX,2023-11-30,0.035055,0.076631,Communication Services,miqp,0.326397
FTNT,2023-11-30,0.029339,0.090943,Technology,miqp,-0.102687
ORCL,2023-11-30,0.026678,0.071053,Technology,miqp,0.406465
TM,2023-11-30,0.025241,0.05582,Consumer Cyclical,miqp,0.36732
SPOT,2023-11-30,0.024551,0.077953,Communication Services,miqp,0.238475
MNST,2023-11-30,0.021595,0.049212,Consumer Defensive,miqp,0.057716
GOOG,2023-11-30,0.01694,0.070827,Communication Services,miqp,0.405614
WF,2023-11-30,0.015304,0.042668,Financial Services,miqp,0.121626
MCD,2023-11-30,0.014342,0.038241,Consumer Cyclical,miqp,-0.027019
ANET,2023-11-30,0.013187,0.096565,Technology,miqp,0.397805
BX,2023-11-30,0.00934,0.076186,Financial Services,miqp,0.035639
CCL,2023-11-30,0.009151,0.104376,Consumer Cyclical,miqp,-0.182324
YPF,2023-11-30,0.008926,0.073179,Energy,miqp,0.276315
GPN,2023-11-30,0.008402,0.049128,Industrials,miqp,-0.049206
MSI,2023-11-30,0.008012,0.044461,Technology,miqp,0.25436
AMAT,2023-11-30,0.005768,0.08428,Technology,miqp,0.292385
SCCO,2023-11-30,0.003444,0.075465,Basic Materials,miqp,0.118708
ASML,2023-11-30,0.002748,0.08647,Technology,miqp,-0.050336
AMP,2023-11-30,0.002745,0.06173,Financial Services,miqp,0.07527
CTAS,2023-12-31,0.054431,0.03427,Industrials,miqp,0.553552
MSFT,2023-12-31,0.053119,0.111989,Technology,miqp,0.275351
NVDA,2023-12-31,0.051404,0.150285,Technology,miqp,0.10051
FCX,2023-12-31,0.051399,0.066252,Basic Materials,miqp,0.090138
ISRG,2023-12-31,0.05135,0.05903,Healthcare,miqp,0.238116
TV,2023-12-31,0.05,0.114004,Communication Services,miqp,-0.100676
GDS,2023-12-31,0.05,0.185664,Technology,miqp,-0.131713
GDHG,2023-12-31,0.05,0.601662,Consumer Cyclical,miqp,0.0
ORLY,2023-12-31,0.048037,0.059426,Consumer Cyclical,miqp,0.05133
MA,2023-12-31,0.046783,0.044262,Financial Services,miqp,0.119592
AMZN,2023-12-31,0.045213,0.080721,Consumer Cyclical,miqp,0.441188
HSY,2023-12-31,0.043164,0.05467,Consumer Defensive,miqp,0.00119
CRESY,2023-12-31,0.040839,0.068649,Industrials,miqp,0.418176
META,2023-12-31,0.037179,0.086957,Communication Services,miqp,0.08162
CPRT,2023-12-31,0.035864,0.062302,Consumer Cyclical,miqp,0.499422
NFLX,2023-12-31,0.034957,0.070464,Communication Services,miqp,0.357726
FTNT,2023-12-31,0.031716,0.073435,Technology,miqp,-0.000727
SPOT,2023-12-31,0.024194,0.048128,Communication Services,miqp,0.255628
TM,2023-12-31,0.023676,0.04959,Consumer Cyclical,miqp,0.300119
ORCL,2023-12-31,0.023496,0.0593,Technology,miqp,0.274163
MNST,2023-12-31,0.021899,0.035929,Consumer Defensive,miqp,0.104629
MELI,2023-12-31,0.021626,0.055749,Consumer Cyclical,miqp,0.123198
WF,2023-12-31,0.014813,0.043189,Financial Services,miqp,0.113847
MCD,2023-12-31,0.014647,0.029849,Consumer Cyclical,miqp,0.023484
ANET,2023-12-31,0.013722,0.083138,Technology,miqp,0.482575
YPF,2023-12-31,0.011566,0.10032,Energy,miqp,0.247639
CCL,2023-12-31,0.010936,0.082453,Consumer Cyclical,miqp,0.005793
BX,2023-12-31,0.010564,0.060793,Financial Services,miqp,0.195009
TSM,2023-12-31,0.009966,0.092072,Technology,miqp,0.0
MSI,2023-12-31,0.007565,0.035037,Technology,miqp,0.215987
AMAT,2023-12-31,0.006059,0.073767,Technology,miqp,0.388935
SCCO,2023-12-31,0.004,0.055455,Basic Materials,miqp,0.312264
ASML,2023-12-31,0.002953,0.080165,Technology,miqp,0.050558
AMP,2023-12-31,0.002863,0.051551,Financial Services,miqp,0.14891
NVDA,2024-01-31,0.058887,0.082193,Technology,miqp,0.278008
ISRG,2024-01-31,0.056852,0.075444,Healthcare,miqp,0.374582
CTAS,2024-01-31,0.053923,0.059411,Industrials,miqp,0.556497
ORLY,2024-01-31,0.051078,0.065709,Consumer Cyclical,miqp,0.130713
LPL,2024-01-31,0.05,0.197693,Technology,miqp,0.0
ZS,2024-01-31,0.05,0.125445,Technology,miqp,0.0
SKM,2024-01-31,0.05,0.086873,Communication Services,miqp,-0.076497
TEO,2024-01-31,0.05,0.104255,Communication Services,miqp,0.0
MA,2024-01-31,0.048737,0.048421,Financial Services,miqp,0.1795
FCX,2024-01-31,0.047497,0.077875,Basic Materials,miqp,0.018469
AMZN,2024-01-31,0.045607,0.082907,Consumer Cyclical,miqp,0.471043
HSY,2024-01-31,0.044252,0.032136,Consumer Defensive,miqp,0.038618
META,2024-01-31,0.040469,0.090268,Communication Services,miqp,0.186875
NFLX,2024-01-31,0.039997,0.063938,Communication Services,miqp,0.523436
CRESY,2024-01-31,0.03884,0.06695,Industrials,miqp,0.368665
CPRT,2024-01-31,0.034723,0.074341,Consumer Cyclical,miqp,0.46759
FTNT,2024-01-31,0.03451,0.092103,Technology,miqp,0.095228
SPOT,2024-01-31,0.027381,0.075571,Communication Services,miqp,0.416446
ORCL,2024-01-31,0.024679,0.067378,Technology,miqp,0.351746
MELI,2024-01-31,0.023263,0.072199,Consumer Cyclical,miqp,0.216467
MNST,2024-01-31,0.020654,0.053767,Consumer Defensive,miqp,0.05456
GDHG,2024-01-31,0.015976,0.07616,Consumer Cyclical,miqp,-0.187774
WF,2024-01-31,0.015007,0.054499,Financial Services,miqp,0.140826
ANET,2024-01-31,0.014883,0.067836,Technology,miqp,0.594894
MCD,2024-01-31,0.01428,0.058256,Consumer Cyclical,miqp,0.010665
AZO,2024-01-31,0.010663,0.079041,Consumer Cyclical,miqp,0.0
BX,2024-01-31,0.009916,0.062999,Financial Services,miqp,0.139995
MSI,2024-01-31,0.007624,0.055611,Technology,miqp,0.240005
CCL,2024-01-31,0.007119,0.071229,Consumer Cyclical,miqp,-0.092599
AMAT,2024-01-31,0.006066,0.080944,Technology,miqp,0.407855
SCCO,2024-01-31,0.003768,0.07947,Basic Materials,miqp,0.241673
ASML,2024-01-31,0.003351,0.083016,Technology,miqp,0.201753
NVDA,2024-02-29,0.059072,0.082893,Technology,miqp,0.639281
ISRG,2024-02-29,0.055201,0.070092,Healthcare,miqp,0.405365
CTAS,2024-02-29,0.053519,0.058493,Industrials,miqp,0.619563
ORLY,2024-02-29,0.051706,0.065521,Consumer Cyclical,miqp,0.201434
LPL,2024-02-29,0.05,0.198112,Technology,miqp,-0.030162
TEO,2024-02-29,0.05,0.099749,Communication Services,miqp,-0.065876
SKM,2024-02-29,0.05,0.08539,Communication Services,miqp,-0.034649
AMZN,2024-02-29,0.049469,0.069313,Consumer Cyclical,miqp,0.660761
MA,2024-02-29,0.049054,0.055609,Financial Services,miqp,0.246178
ZS,2024-02-29,0.048892,0.112367,Technology,miqp,0.026732
META,2024-02-29,0.048471,0.076117,Communication Services,miqp,0.453592
FCX,2024-02-29,0.043094,0.079739,Basic Materials,miqp,-0.080865
NFLX,2024-02-29,0.040713,0.064221,Communication Services,miqp,0.620607
AZO,2024-02-29,0.038197,0.077023,Consumer Cyclical,miqp,0.035792
CPRT,2024-02-29,0.036587,0.068774,Consumer Cyclical,miqp,0.612931
FTNT,2024-02-29,0.035221,0.076856,Technology,miqp,0.171188
CRESY,2024-02-29,0.031712,0.064615,Industrials,miqp,0.234083
SPOT,2024-02-29,0.031049,0.060271,Communication Services,miqp,0.648212
ORCL,2024-02-29,0.0235,0.06426,Technology,miqp,0.348562
MNST,2024-02-29,0.021129,0.048841,Consumer Defensive,miqp,0.132141
MELI,2024-02-29,0.020647,0.072611,Consumer Cyclical,miqp,0.0643
HLT,2024-02-29,0.018743,0.081195,Consumer Cyclical,miqp,0.0
ANET,2024-02-29,0.015209,0.068405,Technology,miqp,0.700817
MCD,2024-02-29,0.013657,0.064575,Consumer Cyclical,miqp,0.015344
GDHG,2024-02-29,0.012756,0.092702,Consumer Cyclical,miqp,-0.319079
BX,2024-02-29,0.009774,0.072058,Financial Services,miqp,0.18641
HCA,2024-02-29,0.008784,0.077386,Healthcare,miqp,0.425129
MSI,2024-02-29,0.007508,0.049988,Technology,miqp,0.274413
AMAT,2024-02-29,0.007101,0.066239,Technology,miqp,0.673366
CCL,2024-02-29,0.006486,0.070434,Consumer Cyclical,miqp,-0.11779
HSY,2024-02-29,0.005683,0.023419,Consumer Defensive,miqp,0.015579
SCCO,2024-02-29,0.00357,0.082784,Basic Materials,miqp,0.223843
ASML,2024-02-29,0.003497,0.075329,Technology,miqp,0.313753
CTAS,2024-03-31,0.056326,0.055605,Industrials,miqp,0.757487
ISRG,2024-03-31,0.055018,0.062167,Healthcare,miqp,0.459356
TEO,2024-03-31,0.052768,0.082317,Communication Services,miqp,0.023274
ORLY,2024-03-31,0.051695,0.065294,Consumer Cyclical,miqp,0.246969
FCX,2024-03-31,0.051616,0.071666,Basic Materials,miqp,0.122131
LPL,2024-03-31,0.05,0.14507,Technology,miqp,-0.048724
SKM,2024-03-31,0.05,0.081383,Communication Services,miqp,-0.037978
MTD,2024-03-31,0.05,0.084476,Healthcare,miqp,0.0
AMZN,2024-03-31,0.048614,0.06832,Consumer Cyclical,miqp,0.689319
MA,2024-03-31,0.047916,0.053549,Financial Services,miqp,0.264404
META,2024-03-31,0.046244,0.077292,Communication Services,miqp,0.439971
AZO,2024-03-31,0.038565,0.072723,Consumer Cyclical,miqp,0.085619
CPRT,2024-03-31,0.038395,0.070322,Consumer Cyclical,miqp,0.745208
ZS,2024-03-31,0.037482,0.093337,Technology,miqp,-0.182628
FTNT,2024-03-31,0.033525,0.053083,Technology,miqp,0.162295
SPOT,2024-03-31,0.030773,0.052312,Communication Services,miqp,0.665008
NVDA,2024-03-31,0.030729,0.064514,Technology,miqp,0.868322
NFLX,2024-03-31,0.028903,0.048096,Communication Services,miqp,0.620702
ORCL,2024-03-31,0.025452,0.060949,Technology,miqp,0.507372
CRESY,2024-03-31,0.023085,0.048805,Industrials,miqp,0.354542
BKNG,2024-03-31,0.022357,0.091426,Consumer Cyclical,miqp,0.0
MNST,2024-03-31,0.020409,0.048039,Consumer Defensive,miqp,0.134868
MELI,2024-03-31,0.018844,0.075347,Consumer Cyclical,miqp,0.003179
HLT,2024-03-31,0.018843,0.078068,Consumer Cyclical,miqp,0.043935
ANET,2024-03-31,0.015303,0.066582,Technology,miqp,0.773759
MCD,2024-03-31,0.012687,0.059771,Consumer Cyclical,miqp,-0.019291
BX,2024-03-31,0.009673,0.051744,Financial Services,miqp,0.231356
HCA,2024-03-31,0.00907,0.073453,Healthcare,miqp,0.519835
MSI,2024-03-31,0.00779,0.048997,Technology,miqp,0.364243
AMAT,2024-03-31,0.006995,0.056122,Technology,miqp,0.679459
SCCO,2024-03-31,0.004529,0.062775,Basic Materials,miqp,0.516522
ASML,2024-03-31,0.003434,0.07154,Technology,miqp,0.337482
HSY,2024-03-31,0.002961,0.025407,Consumer Defensive,miqp,0.051158
FCX,2024-04-30,0.057863,0.059023,Basic Materials,miqp,0.17619
CTAS,2024-04-30,0.056807,0.053148,Industrials,miqp,0.682195
TEO,2024-04-30,0.05418,0.077921,Communication Services,miqp,-0.001728
ISRG,2024-04-30,0.053775,0.041653,Healthcare,miqp,0.360103
KEP,2024-04-30,0.05,0.100904,Utilities,miqp,0.019049
ZS,2024-04-30,0.05,0.094521,Technology,miqp,-0.212877
MTD,2024-04-30,0.05,0.077444,Healthcare,miqp,-0.076309
SKM,2024-04-30,0.049867,0.047823,Communication Services,miqp,-0.087195
AMZN,2024-04-30,0.04964,0.0641,Consumer Cyclical,miqp,0.634892
ORLY,2024-04-30,0.048835,0.058496,Consumer Cyclical,miqp,0.118801
MA,2024-04-30,0.047316,0.036615,Financial Services,miqp,0.186744
META,2024-04-30,0.043117,0.054262,Communication Services,miqp,0.260433
BKNG,2024-04-30,0.038083,0.086317,Consumer Cyclical,miqp,-0.038237
AZO,2024-04-30,0.038075,0.068801,Consumer Cyclical,miqp,0.011717
CPRT,2024-04-30,0.037892,0.062652,Consumer Cyclical,miqp,0.629395
SPOT,2024-04-30,0.034418,0.063975,Communication Services,miqp,0.713482
FTNT,2024-04-30,0.032635,0.040731,Technology,miqp,0.067973
NVDA,2024-04-30,0.030927,0.064915,Technology,miqp,0.781569
NFLX,2024-04-30,0.027581,0.037722,Communication Services,miqp,0.458197
ORCL,2024-04-30,0.024338,0.04835,Technology,miqp,0.364479
MNST,2024-04-30,0.019368,0.040344,Consumer Defensive,miqp,0.022347
MELI,2024-04-30,0.019135,0.055348,Consumer Cyclical,miqp,-0.031917
HLT,2024-04-30,0.018342,0.069508,Consumer Cyclical,miqp,-0.034521
CIB,2024-04-30,0.012976,0.067261,Financial Services,miqp,0.0
FOA,2024-04-30,0.010587,0.084169,Financial Services,miqp,0.0
HCA,2024-04-30,0.008867,0.04611,Healthcare,miqp,0.387622
MSI,2024-04-30,0.007833,0.040095,Technology,miqp,0.302298
AMAT,2024-04-30,0.007091,0.049372,Technology,miqp,0.612485
SCCO,2024-04-30,0.005221,0.059135,Basic Materials,miqp,0.593904
AVGO,2024-04-30,0.005017,0.081681,Technology,miqp,0.0
ANET,2024-04-30,0.003852,0.04151,Technology,miqp,0.192277
ASML,2024-04-30,0.003255,0.069966,Technology,miqp,0.201743
HSY,2024-04-30,0.003107,0.024383,Consumer Defensive,miqp,0.04787
TEO,2024-05-31,0.058576,0.069935,Communication Services,miqp,0.124267
CTAS,2024-05-31,0.056051,0.049319,Industrials,miqp,0.730655
ISRG,2024-05-31,0.055792,0.062341,Healthcare,miqp,0.467908
MTD,2024-05-31,0.054592,0.088118,Healthcare,miqp,0.053613
KEP,2024-05-31,0.05,0.102527,Utilities,miqp,-0.038231
BKNG,2024-05-31,0.04874,0.084691,Consumer Cyclical,miqp,0.047955
SKM,2024-05-31,0.048282,0.048275,Communication Services,miqp,-0.075348
AMZN,2024-05-31,0.047858,0.06376,Consumer Cyclical,miqp,0.642127
HCA,2024-05-31,0.047563,0.071627,Healthcare,miqp,0.094907
MA,2024-05-31,0.044831,0.036205,Financial Services,miqp,0.176428
META,2024-05-31,0.044743,0.056567,Communication Services,miqp,0.356128
ORLY,2024-05-31,0.044396,0.056349,Consumer Cyclical,miqp,0.063157
FCX,2024-05-31,0.039345,0.039444,Basic Materials,miqp,0.203116
CPRT,2024-05-31,0.0354,0.060559,Consumer Cyclical,miqp,0.584239
SPOT,2024-05-31,0.034829,0.05279,Communication Services,miqp,0.806712
AZO,2024-05-31,0.034112,0.064408,Consumer Cyclical,miqp,-0.056742
FTNT,2024-05-31,0.0293,0.037895,Technology,miqp,-0.000706
NFLX,2024-05-31,0.029054,0.036143,Communication Services,miqp,0.677307
MDB,2024-05-31,0.024531,0.099381,Technology,miqp,0.0
ORCL,2024-05-31,0.023976,0.046704,Technology,miqp,0.398705
MELI,2024-05-31,0.021645,0.057002,Consumer Cyclical,miqp,0.136342
APP,2024-05-31,0.019216,0.098069,Technology,miqp,0.0
MNST,2024-05-31,0.01799,0.038749,Consumer Defensive,miqp,-0.008196
HLT,2024-05-31,0.017848,0.066828,Consumer Cyclical,miqp,-0.017531
AVGO,2024-05-31,0.014378,0.083403,Technology,miqp,0.008493
CIB,2024-05-31,0.013444,0.048198,Financial Services,miqp,0.082146
FOA,2024-05-31,0.012212,0.073544,Financial Services,miqp,0.178805
MSI,2024-05-31,0.008059,0.041508,Technology,miqp,0.393669
AMAT,2024-05-31,0.007355,0.052258,Technology,miqp,0.73212
SCCO,2024-05-31,0.005129,0.051051,Basic Materials,miqp,0.599012
ANET,2024-05-31,0.004273,0.062061,Technology,miqp,0.363942
ASML,2024-05-31,0.003426,0.063077,Technology,miqp,0.317325
HSY,2024-05-31,0.003051,0.025666,Consumer Defensive,miqp,0.076138
ISRG,2024-06-30,0.060386,0.060823,Healthcare,miqp,0.601446
CTAS,2024-06-30,0.056643,0.046588,Industrials,miqp,0.784534
MTD,2024-06-30,0.053165,0.078969,Healthcare,miqp,0.048457
AMZN,2024-06-30,0.051284,0.058574,Consumer Cyclical,miqp,0.780383
BKNG,2024-06-30,0.05014,0.083728,Consumer Cyclical,miqp,0.100807
NRG,2024-06-30,0.05,0.078714,Utilities,miqp,0.0
SKM,2024-06-30,0.048431,0.045668,Communication Services,miqp,-0.051891
KEP,2024-06-30,0.048038,0.052435,Utilities,miqp,-0.07291
ORLY,2024-06-30,0.047616,0.05541,Consumer Cyclical,miqp,0.162806
META,2024-06-30,0.047329,0.060504,Communication Services,miqp,0.454378
TEO,2024-06-30,0.047279,0.07583,Communication Services,miqp,-0.074229
HCA,2024-06-30,0.04409,0.06761,Healthcare,miqp,0.029232
MA,2024-06-30,0.043283,0.032313,Financial Services,miqp,0.161617
SPOT,2024-06-30,0.036029,0.049406,Communication Services,miqp,0.889175
AZO,2024-06-30,0.035714,0.062905,Consumer Cyclical,miqp,0.009176
CPRT,2024-06-30,0.035353,0.058709,Consumer Cyclical,miqp,0.606515
NFLX,2024-06-30,0.029899,0.034474,Communication Services,miqp,0.750812
FTNT,2024-06-30,0.029126,0.034513,Technology,miqp,0.011568
AVGO,2024-06-30,0.028611,0.081348,Technology,miqp,0.106527
ORCL,2024-06-30,0.028263,0.054519,Technology,miqp,0.649614
APP,2024-06-30,0.021565,0.093321,Technology,miqp,0.020584
HLT,2024-06-30,0.018994,0.062566,Consumer Cyclical,miqp,0.067846
MNST,2024-06-30,0.016933,0.033925,Consumer Defensive,miqp,-0.047793
FOA,2024-06-30,0.016415,0.092172,Financial Services,miqp,0.002764
CIB,2024-06-30,0.012434,0.044257,Financial Services,miqp,0.021999
MELI,2024-06-30,0.0109,0.047301,Consumer Cyclical,miqp,0.004679
MSI,2024-06-30,0.008363,0.03665,Technology,miqp,0.466502
AMAT,2024-06-30,0.007895,0.052457,Technology,miqp,0.860658
ANET,2024-06-30,0.004923,0.0555,Technology,miqp,0.562474
SCCO,2024-06-30,0.004557,0.047315,Basic Materials,miqp,0.440496
ASML,2024-06-30,0.00357,0.063565,Technology,miqp,0.397234
HSY,2024-06-30,0.002774,0.02115,Consumer Defensive,miqp,-1.2e-05
CTAS,2024-07-31,0.060664,0.043777,Industrials,miqp,0.922734
ISRG,2024-07-31,0.059249,0.058329,Healthcare,miqp,0.603767
MTD,2024-07-31,0.056802,0.077798,Healthcare,miqp,0.138353
KEP,2024-07-31,0.05,0.121535,Utilities,miqp,-0.038478
TV,2024-07-31,0.05,0.138641,Communication Services,miqp,-0.311507
BKNG,2024-07-31,0.05,0.079689,Consumer Cyclical,miqp,0.033486
NRG,2024-07-31,0.05,0.079605,Utilities,miqp,-0.034623
ORLY,2024-07-31,0.049859,0.050593,Consumer Cyclical,miqp,0.23761
HCA,2024-07-31,0.048912,0.067675,Healthcare,miqp,0.153062
AMZN,2024-07-31,0.048712,0.057874,Consumer Cyclical,miqp,0.71454
MA,2024-07-31,0.044729,0.029577,Financial Services,miqp,0.220078
META,2024-07-31,0.043755,0.054127,Communication Services,miqp,0.339874
TEO,2024-07-31,0.040703,0.081512,Communication Services,miqp,-0.190923
SPOT,2024-07-31,0.038768,0.055384,Communication Services,miqp,1.016917
AZO,2024-07-31,0.037067,0.05992,Consumer Cyclical,miqp,0.065729
CPRT,2024-07-31,0.033534,0.056984,Consumer Cyclical,miqp,0.540106
ZS,2024-07-31,0.033082,0.083586,Technology,miqp,-0.166904
AVGO,2024-07-31,0.028111,0.078212,Technology,miqp,0.100101
ORCL,2024-07-31,0.027481,0.054988,Technology,miqp,0.616137
NFLX,2024-07-31,0.024571,0.03093,Communication Services,miqp,0.628281
APP,2024-07-31,0.019614,0.08005,Technology,miqp,-0.054728
HLT,2024-07-31,0.018346,0.063576,Consumer Cyclical,miqp,0.050447
FOA,2024-07-31,0.017354,0.050594,Financial Services,miqp,0.477829
MNST,2024-07-31,0.017122,0.034858,Consumer Defensive,miqp,-0.019107
MELI,2024-07-31,0.010867,0.053439,Consumer Cyclical,miqp,0.016359
MSI,2024-07-31,0.008484,0.035285,Technology,miqp,0.51037
AMAT,2024-07-31,0.006969,0.06044,Technology,miqp,0.647855
SKM,2024-07-31,0.006208,0.018841,Communication Services,miqp,0.098052
ANET,2024-07-31,0.004779,0.070492,Technology,miqp,0.523601
SCCO,2024-07-31,0.004427,0.049351,Basic Materials,miqp,0.420134
LRHC,2024-07-31,0.003691,0.100451,Real Estate,miqp,0.0
ASML,2024-07-31,0.003215,0.071964,Technology,miqp,0.274942
HSY,2024-07-31,0.002925,0.017836,Consumer Defensive,miqp,0.074041
ISRG,2024-08-31,0.062932,0.061237,Healthcare,miqp,0.753334
CTAS,2024-08-31,0.061416,0.041927,Industrials,miqp,1.025697
KEP,2024-08-31,0.053213,0.113435,Utilities,miqp,0.066273
MTD,2024-08-31,0.051518,0.070322,Healthcare,miqp,0.075854
HCA,2024-08-31,0.05109,0.065965,Healthcare,miqp,0.249486
BKNG,2024-08-31,0.050437,0.080991,Consumer Cyclical,miqp,0.087178
WMT,2024-08-31,0.05,0.050469,Consumer Defensive,miqp,0.0
AEM,2024-08-31,0.05,0.066592,Basic Materials,miqp,0.0
TV,2024-08-31,0.05,0.120091,Communication Services,miqp,-0.370803
ORLY,2024-08-31,0.047949,0.048462,Consumer Cyclical,miqp,0.239752
META,2024-08-31,0.04605,0.05571,Communication Services,miqp,0.457131
MA,2024-08-31,0.044693,0.037098,Financial Services,miqp,0.272164
AMZN,2024-08-31,0.044579,0.063181,Consumer Cyclical,miqp,0.630726
TEO,2024-08-31,0.042921,0.068339,Communication Services,miqp,-0.10597
SPOT,2024-08-31,0.037049,0.048258,Communication Services,miqp,0.872869
AZO,2024-08-31,0.036075,0.055005,Consumer Cyclical,miqp,0.076854
CPRT,2024-08-31,0.032533,0.053005,Consumer Cyclical,miqp,0.542971
AVGO,2024-08-31,0.027307,0.072791,Technology,miqp,0.107996
ORCL,2024-08-31,0.026691,0.057148,Technology,miqp,0.612357
APP,2024-08-31,0.022648,0.098174,Technology,miqp,0.130342
HLT,2024-08-31,0.018006,0.059228,Consumer Cyclical,miqp,0.075221
MNST,2024-08-31,0.015035,0.028329,Consumer Defensive,miqp,-0.104414
MELI,2024-08-31,0.012869,0.03727,Consumer Cyclical,miqp,0.226856
NFLX,2024-08-31,0.010006,0.021429,Communication Services,miqp,0.287093
MSI,2024-08-31,0.009012,0.032889,Technology,miqp,0.646293
SMCI,2024-08-31,0.008765,0.128036,Technology,miqp,0.0
YUM,2024-08-31,0.007552,0.051936,Consumer Cyclical,miqp,0.0
AMAT,2024-08-31,0.006222,0.064557,Technology,miqp,0.528518
SKM,2024-08-31,0.00611,0.021604,Communication Services,miqp,0.12714
ANET,2024-08-31,0.004672,0.068536,Technology,miqp,0.529633
SCCO,2024-08-31,0.004096,0.041536,Basic Materials,miqp,0.238009
ASML,2024-08-31,0.002974,0.068315,Technology,miqp,0.220643
LRHC,2024-08-31,0.002819,0.080302,Real Estate,miqp,-0.203252
HSY,2024-08-31,0.00276,0.01909,Consumer Defensive,miqp,0.057318
TV,2024-09-30,0.061011,0.12162,Communication Services,miqp,-0.171534
CTAS,2024-09-30,0.059514,0.041592,Industrials,miqp,1.060602
ISRG,2024-09-30,0.059457,0.061342,Healthcare,miqp,0.749688
BKNG,2024-09-30,0.051606,0.072169,Consumer Cyclical,miqp,0.172345
MTD,2024-09-30,0.050864,0.078241,Healthcare,miqp,0.11898
KEP,2024-09-30,0.05,0.112049,Utilities,miqp,0.013461
HCA,2024-09-30,0.049812,0.05698,Healthcare,miqp,0.209116
WMT,2024-09-30,0.049532,0.048515,Consumer Defensive,miqp,0.045633
META,2024-09-30,0.047953,0.050259,Communication Services,miqp,0.587218
AEM,2024-09-30,0.046845,0.058777,Basic Materials,miqp,-0.011092
ORLY,2024-09-30,0.046295,0.041408,Consumer Cyclical,miqp,0.260881
AMZN,2024-09-30,0.044087,0.056274,Consumer Cyclical,miqp,0.695483
TEO,2024-09-30,0.043943,0.060946,Communication Services,miqp,-0.033307
MA,2024-09-30,0.043258,0.033823,Financial Services,miqp,0.300419
SPOT,2024-09-30,0.037726,0.047626,Communication Services,miqp,0.994796
AZO,2024-09-30,0.03384,0.049617,Consumer Cyclical,miqp,0.062961
ORCL,2024-09-30,0.030497,0.05171,Technology,miqp,0.884131
CPRT,2024-09-30,0.030496,0.05201,Consumer Cyclical,miqp,0.509383
APP,2024-09-30,0.030162,0.099442,Technology,miqp,0.480771
AVGO,2024-09-30,0.0275,0.080161,Technology,miqp,0.177321
HLT,2024-09-30,0.017903,0.056274,Consumer Cyclical,miqp,0.127963
MNST,2024-09-30,0.015767,0.025184,Consumer Defensive,miqp,-0.008423
MELI,2024-09-30,0.012135,0.045419,Consumer Cyclical,miqp,0.199872
HWM,2024-09-30,0.011901,0.076012,Industrials,miqp,0.0
MSI,2024-09-30,0.008704,0.031168,Technology,miqp,0.625459
YUM,2024-09-30,0.007409,0.048468,Consumer Cyclical,miqp,0.035515
AMAT,2024-09-30,0.006038,0.069402,Technology,miqp,0.56415
ANET,2024-09-30,0.004808,0.074121,Technology,miqp,0.649234
SCCO,2024-09-30,0.004413,0.054295,Basic Materials,miqp,0.378485
PSNY,2024-09-30,0.003308,0.076789,Consumer Cyclical,miqp,0.0
ARM,2024-09-30,0.003239,0.113736,Technology,miqp,0.0
SKM,2024-09-30,0.003019,0.018467,Communication Services,miqp,0.17513
HSY,2024-09-30,0.002597,0.016372,Consumer Defensive,miqp,0.050273
ASML,2024-09-30,0.002597,0.078745,Technology,miqp,0.112904
LRHC,2024-09-30,0.001766,0.101473,Real Estate,miqp,-0.473171
ISRG,2024-10-31,0.060009,0.057283,Healthcare,miqp,0.790633
TV,2024-10-31,0.058577,0.133594,Communication Services,miqp,-0.164147
CTAS,2024-10-31,0.058548,0.036133,Industrials,miqp,1.046141
BKNG,2024-10-31,0.056382,0.074755,Consumer Cyclical,miqp,0.289411
KEP,2024-10-31,0.052947,0.073526,Utilities,miqp,0.088559
TEO,2024-10-31,0.050482,0.055471,Communication Services,miqp,0.171403
CIB,2024-10-31,0.05,0.093021,Financial Services,miqp,0.004452
LPL,2024-10-31,0.05,0.111556,Technology,miqp,-0.12761
WMT,2024-10-31,0.04947,0.040366,Consumer Defensive,miqp,0.061192
AEM,2024-10-31,0.049377,0.05213,Basic Materials,miqp,0.058026
ORLY,2024-10-31,0.045625,0.036458,Consumer Cyclical,miqp,0.258725
AMZN,2024-10-31,0.043403,0.044695,Consumer Cyclical,miqp,0.689073
HCA,2024-10-31,0.043268,0.04958,Healthcare,miqp,0.038911
META,2024-10-31,0.043226,0.044288,Communication Services,miqp,0.511272
MTD,2024-10-31,0.043115,0.075599,Healthcare,miqp,-0.039467
AZO,2024-10-31,0.031811,0.040613,Consumer Cyclical,miqp,0.014316
SIFY,2024-10-31,0.029856,0.107598,Communication Services,miqp,0.0
ORCL,2024-10-31,0.029628,0.048768,Technology,miqp,0.80424
CPRT,2024-10-31,0.029479,0.04969,Consumer Cyclical,miqp,0.461986
APP,2024-10-31,0.028851,0.071738,Technology,miqp,0.867015
AVGO,2024-10-31,0.026634,0.069979,Technology,miqp,0.15276
HLT,2024-10-31,0.017951,0.049024,Consumer Cyclical,miqp,0.149106
HWM,2024-10-31,0.01165,0.057286,Industrials,miqp,-0.005302
MA,2024-10-31,0.009794,0.024396,Financial Services,miqp,0.20005
YUM,2024-10-31,0.006845,0.038486,Consumer Cyclical,miqp,-0.027883
AMAT,2024-10-31,0.00534,0.07189,Technology,miqp,0.266718
ANET,2024-10-31,0.004764,0.0586,Technology,miqp,0.628478
MNST,2024-10-31,0.003284,0.017189,Consumer Defensive,miqp,-0.054468
ARM,2024-10-31,0.003149,0.105667,Technology,miqp,-0.011957
HSY,2024-10-31,0.002367,0.01536,Consumer Defensive,miqp,-0.027493
PSNY,2024-10-31,0.002101,0.056872,Consumer Cyclical,miqp,-0.354651
ASML,2024-10-31,0.002067,0.077649,Technology,miqp,-0.111042
TEO,2024-11-30,0.069543,0.053444,Communication Services,miqp,0.586573
ISRG,2024-11-30,0.059482,0.035685,Healthcare,miqp,0.92737
BKNG,2024-11-30,0.057793,0.064592,Consumer Cyclical,miqp,0.429276
KEP,2024-11-30,0.052585,0.049563,Utilities,miqp,0.171761
WMT,2024-11-30,0.051452,0.044848,Consumer Defensive,miqp,0.196498
LPL,2024-11-30,0.05,0.110049,Technology,miqp,-0.215777
CIB,2024-11-30,0.05,0.103839,Financial Services,miqp,0.029564
SIFY,2024-11-30,0.05,0.152418,Communication Services,miqp,0.032424
TV,2024-11-30,0.05,0.127173,Communication Services,miqp,-0.321817
GPJA,2024-11-30,0.05,0.160312,Utilities,miqp,0.0
CTAS,2024-11-30,0.049554,0.027708,Industrials,miqp,1.240122
ORLY,2024-11-30,0.045321,0.025386,Consumer Cyclical,miqp,0.349409
AEM,2024-11-30,0.044727,0.048487,Basic Materials,miqp,0.039532
AMZN,2024-11-30,0.044604,0.037139,Consumer Cyclical,miqp,0.874565
MTD,2024-11-30,0.03848,0.066739,Healthcare,miqp,-0.077056
APP,2024-11-30,0.037859,0.055073,Technology,miqp,1.902807
CPRT,2024-11-30,0.033454,0.030532,Consumer Cyclical,miqp,0.719579
AZO,2024-11-30,0.030876,0.034439,Consumer Cyclical,miqp,0.068411
ORCL,2024-11-30,0.030065,0.039306,Technology,miqp,0.977936
AVGO,2024-11-30,0.023429,0.055018,Technology,miqp,0.06911
HLT,2024-11-30,0.017861,0.041053,Consumer Cyclical,miqp,0.239754
HCA,2024-11-30,0.015576,0.022477,Healthcare,miqp,-0.059282
HWM,2024-11-30,0.012753,0.048545,Industrials,miqp,0.178628
META,2024-11-30,0.009678,0.029256,Communication Services,miqp,0.1534
YUM,2024-11-30,0.006682,0.030669,Consumer Cyclical,miqp,0.029847
AMAT,2024-11-30,0.004745,0.054497,Technology,miqp,0.145247
ANET,2024-11-30,0.00461,0.035662,Technology,miqp,0.676858
ARM,2024-11-30,0.002758,0.065713,Technology,miqp,-0.060975
HSY,2024-11-30,0.002181,0.017241,Consumer Defensive,miqp,-0.027681
PSNY,2024-11-30,0.001988,0.038203,Consumer Cyclical,miqp,-0.337209
ASML,2024-11-30,0.001944,0.057496,Technology,miqp,-0.109098
ISRG,2024-12-31,0.060994,0.049,Healthcare,miqp,0.844319
BKNG,2024-12-31,0.058871,0.064636,Consumer Cyclical,miqp,0.364103
WMT,2024-12-31,0.053631,0.041598,Consumer Defensive,miqp,0.170033
GPJA,2024-12-31,0.050881,0.139441,Utilities,miqp,-0.043534
AMZN,2024-12-31,0.050121,0.044202,Consumer Cyclical,miqp,0.933429
KEP,2024-12-31,0.05,0.088635,Utilities,miqp,-0.107269
TV,2024-12-31,0.05,0.11795,Communication Services,miqp,-0.434262
LPL,2024-12-31,0.05,0.097702,Technology,miqp,-0.287703
EAI,2024-12-31,0.05,0.05323,Utilities,miqp,0.0
ORLY,2024-12-31,0.046027,0.030852,Consumer Cyclical,miqp,0.284459
AEM,2024-12-31,0.044119,0.046525,Basic Materials,miqp,-0.038488
CTAS,2024-12-31,0.042695,0.03723,Industrials,miqp,0.811534
CIB,2024-12-31,0.041201,0.022765,Financial Services,miqp,0.016729
APP,2024-12-31,0.038765,0.107585,Technology,miqp,1.767172
TEO,2024-12-31,0.035793,0.042278,Communication Services,miqp,0.208986
AVGO,2024-12-31,0.035782,0.056531,Technology,miqp,0.374399
SIFY,2024-12-31,0.034688,0.076782,Communication Services,miqp,-0.154391
AZO,2024-12-31,0.033213,0.027957,Consumer Cyclical,miqp,0.076683
CPRT,2024-12-31,0.03225,0.039002,Consumer Cyclical,miqp,0.521948
ORCL,2024-12-31,0.028861,0.043995,Technology,miqp,0.700259
TEAM,2024-12-31,0.022734,0.076572,Technology,miqp,0.331704
HLT,2024-12-31,0.018547,0.04492,Consumer Cyclical,miqp,0.20477
HCA,2024-12-31,0.015245,0.020354,Healthcare,miqp,-0.148149
HWM,2024-12-31,0.012545,0.031837,Industrials,miqp,0.088211
META,2024-12-31,0.010514,0.038837,Communication Services,miqp,0.169351
ZS,2024-12-31,0.008834,0.075086,Technology,miqp,0.043194
YUM,2024-12-31,0.006903,0.02917,Consumer Cyclical,miqp,-0.000742
ANET,2024-12-31,0.005347,0.055026,Technology,miqp,0.669037
AMAT,2024-12-31,0.004703,0.056506,Technology,miqp,0.05809
ARM,2024-12-31,0.002698,0.094685,Technology,miqp,-0.137403
ASML,2024-12-31,0.002089,0.06073,Technology,miqp,-0.095707
PSNY,2024-12-31,0.00195,0.065356,Consumer Cyclical,miqp,-0.389535
ISRG,2025-01-31,0.061976,0.049184,Healthcare,miqp,1.011662
WMT,2025-01-31,0.054036,0.049797,Consumer Defensive,miqp,0.270776
BKNG,2025-01-31,0.05206,0.064116,Consumer Cyclical,miqp,0.298777
AMZN,2025-01-31,0.050357,0.051157,Consumer Cyclical,miqp,1.092473
TAK,2025-01-31,0.05,0.062683,Healthcare,miqp,0.0
CAH,2025-01-31,0.05,0.050006,Healthcare,miqp,0.0
VLO,2025-01-31,0.05,0.057928,Energy,miqp,0.0
APP,2025-01-31,0.05,0.128386,Technology,miqp,1.763708
SHOP,2025-01-31,0.05,0.126662,Technology,miqp,0.0
ALNY,2025-01-31,0.05,0.101423,Healthcare,miqp,0.0
AEM,2025-01-31,0.048623,0.037107,Basic Materials,miqp,0.129422
ORLY,2025-01-31,0.046595,0.031143,Consumer Cyclical,miqp,0.399199
PSX,2025-01-31,0.044908,0.054932,Energy,miqp,0.0
CTAS,2025-01-31,0.043469,0.046943,Industrials,miqp,0.98211
CIB,2025-01-31,0.037441,0.015928,Financial Services,miqp,0.271479
AZO,2025-01-31,0.032227,0.034937,Consumer Cyclical,miqp,0.107843
AVGO,2025-01-31,0.031671,0.081949,Technology,miqp,0.289756
CPRT,2025-01-31,0.03019,0.043319,Consumer Cyclical,miqp,0.508331
ORCL,2025-01-31,0.027381,0.042571,Technology,miqp,0.611299
TEAM,2025-01-31,0.026576,0.048478,Technology,miqp,0.54626
HLT,2025-01-31,0.01782,0.038274,Consumer Cyclical,miqp,0.241406
PAGS,2025-01-31,0.016227,0.064524,Technology,miqp,0.0
HCA,2025-01-31,0.01554,0.023538,Healthcare,miqp,-0.062486
HWM,2025-01-31,0.013466,0.054192,Industrials,miqp,0.255049
ARM,2025-01-31,0.01261,0.110202,Technology,miqp,0.00986
META,2025-01-31,0.011477,0.048705,Communication Services,miqp,0.358892
YUM,2025-01-31,0.006227,0.033311,Consumer Cyclical,miqp,-0.028008
ANET,2025-01-31,0.00517,0.069407,Technology,miqp,0.703157
AMAT,2025-01-31,0.004837,0.058548,Technology,miqp,0.169455
TSLA,2025-01-31,0.003231,0.084225,Consumer Cyclical,miqp,0.0
ASML,2025-01-31,0.002067,0.059439,Technology,miqp,-0.064113
BAK,2025-01-31,0.002064,0.059011,Basic Materials,miqp,-0.745614
PSNY,2025-01-31,0.001757,0.025695,Consumer Cyclical,miqp,-0.406977
ISRG,2025-02-28,0.062462,0.040005,Healthcare,miqp,1.011692
BKNG,2025-02-28,0.055429,0.060855,Consumer Cyclical,miqp,0.363551
WMT,2025-02-28,0.054584,0.041479,Consumer Defensive,miqp,0.276006
TAK,2025-02-28,0.054112,0.059763,Healthcare,miqp,0.07419
PSX,2025-02-28,0.050138,0.041126,Energy,miqp,0.10751
MDLZ,2025-02-28,0.05,0.062144,Consumer Defensive,miqp,0.0
HSY,2025-02-28,0.05,0.055066,Consumer Defensive,miqp,-0.020163
ALNY,2025-02-28,0.05,0.130098,Healthcare,miqp,-0.090524
VLO,2025-02-28,0.049422,0.035172,Energy,miqp,-0.017061
BAK,2025-02-28,0.048882,0.08945,Basic Materials,miqp,-0.144821
SHOP,2025-02-28,0.048214,0.084036,Technology,miqp,-0.041096
CTAS,2025-02-28,0.045308,0.038582,Industrials,miqp,1.037912
AMZN,2025-02-28,0.045228,0.055407,Consumer Cyclical,miqp,0.865311
APP,2025-02-28,0.044315,0.12274,Technology,miqp,1.211742
ORLY,2025-02-28,0.04277,0.020657,Consumer Cyclical,miqp,0.466882
CAH,2025-02-28,0.041558,0.015453,Healthcare,miqp,0.047047
AZO,2025-02-28,0.033789,0.026536,Consumer Cyclical,miqp,0.147895
CPRT,2025-02-28,0.028719,0.034901,Consumer Cyclical,miqp,0.409426
AVGO,2025-02-28,0.028589,0.075403,Technology,miqp,0.149835
CVNA,2025-02-28,0.02316,0.112955,Consumer Cyclical,miqp,0.0
HLT,2025-02-28,0.018553,0.030731,Consumer Cyclical,miqp,0.273988
PAGS,2025-02-28,0.016115,0.048218,Technology,miqp,-0.012448
HWM,2025-02-28,0.014624,0.047007,Industrials,miqp,0.34788
META,2025-02-28,0.01119,0.042548,Communication Services,miqp,0.315065
ARM,2025-02-28,0.010466,0.098522,Technology,miqp,-0.167579
NRG,2025-02-28,0.008471,0.079105,Utilities,miqp,0.37718
AMAT,2025-02-28,0.004273,0.050831,Technology,miqp,-0.04851
ANET,2025-02-28,0.004198,0.063082,Technology,miqp,0.254027
TEAM,2025-02-28,0.003078,0.040389,Technology,miqp,-0.073408
TSLA,2025-02-28,0.002353,0.090431,Consumer Cyclical,miqp,-0.275877
TAK,2025-03-31,0.058999,0.032114,Healthcare,miqp,0.124604
ALNY,2025-03-31,0.056784,0.128074,Healthcare,miqp,-0.004634
ISRG,2025-03-31,0.056016,0.065091,Healthcare,miqp,0.735828
MDLZ,2025-03-31,0.055194,0.062129,Consumer Defensive,miqp,0.062177
BKNG,2025-03-31,0.052942,0.049967,Consumer Cyclical,miqp,0.251482
BAK,2025-03-31,0.05293,0.115823,Basic Materials,miqp,-0.106179
VLO,2025-03-31,0.051817,0.040434,Energy,miqp,-0.00688
HSY,2025-03-31,0.051387,0.040065,Consumer Defensive,miqp,-0.029262
WMT,2025-03-31,0.050571,0.055346,Consumer Defensive,miqp,0.138518
LPL,2025-03-31,0.05,0.099896,Technology,miqp,-0.278422
PSX,2025-03-31,0.049543,0.052321,Energy,miqp,0.053796
CIB,2025-03-31,0.048858,0.08596,Financial Services,miqp,0.303561
CTAS,2025-03-31,0.046575,0.048174,Industrials,miqp,1.007687
CAH,2025-03-31,0.045892,0.031902,Healthcare,miqp,0.111023
AMZN,2025-03-31,0.042069,0.073469,Consumer Cyclical,miqp,0.602188
AZO,2025-03-31,0.038277,0.029626,Consumer Cyclical,miqp,0.223318
ORLY,2025-03-31,0.034312,0.024513,Consumer Cyclical,miqp,0.500364
APP,2025-03-31,0.025071,0.133971,Technology,miqp,-0.019941
AVGO,2025-03-31,0.024985,0.098598,Technology,miqp,-0.096973
CVNA,2025-03-31,0.021559,0.156676,Consumer Cyclical,miqp,-0.103046
PSNY,2025-03-31,0.017414,0.130237,Consumer Cyclical,miqp,-0.033444
PAGS,2025-03-31,0.017357,0.077452,Technology,miqp,0.024076
HWM,2025-03-31,0.014414,0.068528,Industrials,miqp,0.276
META,2025-03-31,0.010026,0.071146,Communication Services,miqp,0.085923
ARM,2025-03-31,0.008808,0.124244,Technology,miqp,-0.33068
VFS,2025-03-31,0.006537,0.108253,Consumer Cyclical,miqp,0.0
NRG,2025-03-31,0.005877,0.061729,Utilities,miqp,0.243672
ANET,2025-03-31,0.003628,0.08516,Technology,miqp,-0.012174
TSLA,2025-03-31,0.00216,0.131471,Consumer Cyclical,miqp,-0.359466
TAK,2025-04-30,0.060021,0.05579,Healthcare,miqp,0.156094
BKNG,2025-04-30,0.057942,0.113264,Consumer Cyclical,miqp,0.366238
WMT,2025-04-30,0.055394,0.090838,Consumer Defensive,miqp,0.256368
MDLZ,2025-04-30,0.054803,0.035141,Consumer Defensive,miqp,0.066204
ALNY,2025-04-30,0.054736,0.190439,Healthcare,miqp,-0.029601
BAK,2025-04-30,0.050568,0.156637,Basic Materials,miqp,0.007203
ISRG,2025-04-30,0.050105,0.132306,Healthcare,miqp,0.739988
TV,2025-04-30,0.05,0.190257,Communication Services,miqp,-0.385067
HSY,2025-04-30,0.049669,0.049389,Consumer Defensive,miqp,-0.033799
LPL,2025-04-30,0.049376,0.149977,Technology,miqp,-0.320186
CIB,2025-04-30,0.049126,0.128193,Financial Services,miqp,0.323812
CTAS,2025-04-30,0.042311,0.075401,Industrials,miqp,0.94578
CAH,2025-04-30,0.041359,0.056,Healthcare,miqp,0.142652
AMZN,2025-04-30,0.04032,0.138158,Consumer Cyclical,miqp,0.510704
PSX,2025-04-30,0.039881,0.113304,Energy,miqp,-0.112687
VLO,2025-04-30,0.036361,0.098931,Energy,miqp,-0.127056
CALC,2025-04-30,0.036025,0.09198,Healthcare,miqp,0.0
AVGO,2025-04-30,0.028399,0.186476,Technology,miqp,0.035992
CVNA,2025-04-30,0.024913,0.283306,Consumer Cyclical,miqp,0.045469
PAGS,2025-04-30,0.022558,0.145412,Technology,miqp,0.30414
APP,2025-04-30,0.019046,0.23347,Technology,miqp,-0.236373
HWM,2025-04-30,0.015225,0.145214,Industrials,miqp,0.35642
PSNY,2025-04-30,0.010798,0.160572,Consumer Cyclical,miqp,-0.009524
META,2025-04-30,0.009443,0.147046,Communication Services,miqp,0.021083
ARM,2025-04-30,0.009301,0.231679,Technology,miqp,-0.280836
CNCK,2025-04-30,0.008062,0.220032,Financial Services,miqp,0.0
CBIO,2025-04-30,0.007754,0.308093,Healthcare,miqp,0.0
VFS,2025-04-30,0.006951,0.138336,Consumer Cyclical,miqp,0.073611
NRG,2025-04-30,0.00667,0.160002,Utilities,miqp,0.37671
TSLA,2025-04-30,0.004958,0.247098,Consumer Cyclical,miqp,-0.176204
CRESY,2025-04-30,0.004117,0.1409,Industrials,miqp,0.527617
ANET,2025-04-30,0.003809,0.153953,Technology,miqp,0.0471
ALNY,2025-05-31,0.05873,0.174129,Healthcare,miqp,0.120523
BKNG,2025-05-31,0.058158,0.117916,Consumer Cyclical,miqp,0.477657
TAK,2025-05-31,0.054696,0.049052,Healthcare,miqp,0.133292
WMT,2025-05-31,0.052275,0.08841,Consumer Defensive,miqp,0.27659
TV,2025-05-31,0.050609,0.183444,Communication Services,miqp,-0.326884
MDLZ,2025-05-31,0.050347,0.062122,Consumer Defensive,miqp,0.055536
LPL,2025-05-31,0.05,0.131035,Technology,miqp,-0.263541
CIB,2025-05-31,0.05,0.11602,Financial Services,miqp,0.353959
BAK,2025-05-31,0.05,0.184968,Basic Materials,miqp,0.025839
ISRG,2025-05-31,0.049759,0.115699,Healthcare,miqp,0.824627
HSY,2025-05-31,0.044646,0.041452,Consumer Defensive,miqp,-0.059001
CTAS,2025-05-31,0.042062,0.078904,Industrials,miqp,1.082056
CAH,2025-05-31,0.041927,0.045773,Healthcare,miqp,0.247882
AMZN,2025-05-31,0.041568,0.124213,Consumer Cyclical,miqp,0.666944
PSX,2025-05-31,0.040722,0.118043,Energy,miqp,-0.022906
VLO,2025-05-31,0.037781,0.098879,Energy,miqp,-0.021727
AVGO,2025-05-31,0.033125,0.182639,Technology,miqp,0.281517
CVNA,2025-05-31,0.030934,0.237767,Consumer Cyclical,miqp,0.34223
SBS,2025-05-31,0.020042,0.086621,Utilities,miqp,0.206804
PAGS,2025-05-31,0.01888,0.1239,Technology,miqp,0.161092
HWM,2025-05-31,0.017321,0.138702,Industrials,miqp,0.633989
APP,2025-05-31,0.015911,0.213205,Technology,miqp,0.106363
HOOD,2025-05-31,0.01552,0.267418,Technology,miqp,0.0
CNCK,2025-05-31,0.0138,0.192869,Financial Services,miqp,-0.16751
PSNY,2025-05-31,0.010592,0.158941,Consumer Cyclical,miqp,0.047619
META,2025-05-31,0.010329,0.135605,Communication Services,miqp,0.186746
ARM,2025-05-31,0.009419,0.223757,Technology,miqp,-0.213909
CRESY,2025-05-31,0.007182,0.126407,Industrials,miqp,0.444467
CBIO,2025-05-31,0.006174,0.234085,Healthcare,miqp,-0.165408
VFS,2025-05-31,0.006126,0.096102,Consumer Cyclical,miqp,0.019333
TSLA,2025-05-31,0.005646,0.228331,Consumer Cyclical,miqp,0.010452
ANET,2025-05-31,0.00372,0.149975,Technology,miqp,0.101669
LPLA,2025-05-31,0.002,0.137385,Financial Services,miqp,0.0
ALNY,2025-06-30,0.060007,0.154354,Healthcare,miqp,0.198599
BKNG,2025-06-30,0.058318,0.109805,Consumer Cyclical,miqp,0.551837
TV,2025-06-30,0.055375,0.174633,Communication Services,miqp,-0.21803
TAK,2025-06-30,0.053687,0.029354,Healthcare,miqp,0.159654
CIB,2025-06-30,0.053196,0.111362,Financial Services,miqp,0.478907
LPL,2025-06-30,0.051477,0.10668,Technology,miqp,-0.203712
WMT,2025-06-30,0.049409,0.083975,Consumer Defensive,miqp,0.261908
MDLZ,2025-06-30,0.048342,0.01235,Consumer Defensive,miqp,0.060756
ISRG,2025-06-30,0.046716,0.103683,Healthcare,miqp,0.741057
CAH,2025-06-30,0.043522,0.062357,Healthcare,miqp,0.352868
AMZN,2025-06-30,0.04245,0.122998,Consumer Cyclical,miqp,0.773864
BAK,2025-06-30,0.041294,0.145276,Basic Materials,miqp,-0.11261
PSX,2025-06-30,0.040852,0.110137,Energy,miqp,0.027153
CTAS,2025-06-30,0.039496,0.074619,Industrials,miqp,1.022164
HWM,2025-06-30,0.037769,0.141247,Industrials,miqp,0.548563
VLO,2025-06-30,0.037577,0.09207,Energy,miqp,0.019724
AVGO,2025-06-30,0.03608,0.168123,Technology,miqp,0.443101
CVNA,2025-06-30,0.030404,0.207174,Consumer Cyclical,miqp,0.353984
HOOD,2025-06-30,0.020963,0.229211,Technology,miqp,0.383811
SBS,2025-06-30,0.020457,0.039573,Utilities,miqp,0.28463
PAGS,2025-06-30,0.019493,0.110799,Technology,miqp,0.251147
CRESY,2025-06-30,0.018738,0.119877,Industrials,miqp,0.132886
CNCK,2025-06-30,0.014407,0.16039,Financial Services,miqp,-0.085496
STX,2025-06-30,0.012127,0.145511,Technology,miqp,0.0
ARM,2025-06-30,0.011673,0.205978,Technology,miqp,0.01954
META,2025-06-30,0.011245,0.119132,Communication Services,miqp,0.325007
PSNY,2025-06-30,0.009832,0.115713,Consumer Cyclical,miqp,0.019048
APP,2025-06-30,0.007481,0.187904,Technology,miqp,-0.052788
CBIO,2025-06-30,0.007171,0.215223,Healthcare,miqp,-0.314182
VFS,2025-06-30,0.006422,0.076083,Consumer Cyclical,miqp,0.116583
TSLA,2025-06-30,0.00494,0.200751,Consumer Cyclical,miqp,-0.0389
ANET,2025-06-30,0.004192,0.138193,Technology,miqp,0.27455
HSY,2025-06-30,0.003039,0.00143,Consumer Defensive,miqp,-0.026672
LPLA,2025-06-30,0.001848,0.10945,Financial Services,miqp,-0.031487
ALNY,2025-07-31,0.07,0.145195,Healthcare,miqp,0.422918
TV,2025-07-31,0.069546,0.152699,Communication Services,miqp,-0.000195
LPL,2025-07-31,0.057959,0.092086,Technology,miqp,-0.08415
BKNG,2025-07-31,0.054464,0.09157,Consumer Cyclical,miqp,0.469813
BAK,2025-07-31,0.05,0.14203,Basic Materials,miqp,-0.133429
IRM,2025-07-31,0.04977,0.108182,Real Estate,miqp,0.0
WMT,2025-07-31,0.048634,0.075244,Consumer Defensive,miqp,0.260637
TAK,2025-07-31,0.046808,0.026501,Healthcare,miqp,0.014787
MDLZ,2025-07-31,0.045549,0.012438,Consumer Defensive,miqp,0.014196
AMZN,2025-07-31,0.044497,0.106728,Consumer Cyclical,miqp,0.867196
PSX,2025-07-31,0.04157,0.102527,Energy,miqp,0.063677
ISRG,2025-07-31,0.040627,0.097469,Healthcare,miqp,0.482386
CAH,2025-07-31,0.03962,0.062764,Healthcare,miqp,0.250207
CTAS,2025-07-31,0.038741,0.065994,Industrials,miqp,1.00563
AVGO,2025-07-31,0.037763,0.137032,Technology,miqp,0.524924
VLO,2025-07-31,0.037706,0.087483,Energy,miqp,0.041597
HWM,2025-07-31,0.035832,0.114965,Industrials,miqp,0.446953
CVNA,2025-07-31,0.034582,0.182211,Consumer Cyclical,miqp,0.497857
HOOD,2025-07-31,0.022664,0.200092,Technology,miqp,0.510887
CRESY,2025-07-31,0.019057,0.099026,Industrials,miqp,0.170287
SBS,2025-07-31,0.017635,0.043045,Utilities,miqp,0.042214
STX,2025-07-31,0.017413,0.13402,Technology,miqp,0.061182
PAGS,2025-07-31,0.015765,0.099373,Technology,miqp,0.009551
CBIO,2025-07-31,0.011971,0.228212,Healthcare,miqp,-0.296598
META,2025-07-31,0.011575,0.099575,Communication Services,miqp,0.377399
BRLS,2025-07-31,0.010602,0.092876,Consumer Defensive,miqp,0.0
ARM,2025-07-31,0.010023,0.169446,Technology,miqp,-0.107482
VFS,2025-07-31,0.006043,0.061929,Consumer Cyclical,miqp,0.064546
ANET,2025-07-31,0.004959,0.12382,Technology,miqp,0.468346
TSLA,2025-07-31,0.004709,0.161875,Consumer Cyclical,miqp,-0.022956
PSNY,2025-07-31,0.002,0.086965,Consumer Cyclical,miqp,0.019048
LPLA,2025-07-31,0.001916,0.096323,Financial Services,miqp,0.021707
ALNY,2025-08-31,0.07,0.16315,Healthcare,miqp,0.619791
TV,2025-08-31,0.067337,0.173382,Communication Services,miqp,-0.00237
LPL,2025-08-31,0.063359,0.169851,Technology,miqp,0.029447
BKNG,2025-08-31,0.053837,0.110999,Consumer Cyclical,miqp,0.488798
BAK,2025-08-31,0.053506,0.163193,Basic Materials,miqp,-0.044245
KT,2025-08-31,0.05,0.096998,Communication Services,miqp,0.0
SKM,2025-08-31,0.05,0.09049,Communication Services,miqp,0.009123
TAK,2025-08-31,0.049687,0.050279,Healthcare,miqp,0.100568
WMT,2025-08-31,0.046886,0.081417,Consumer Defensive,miqp,0.244275
IRM,2025-08-31,0.045863,0.121608,Real Estate,miqp,-0.051672
PSX,2025-08-31,0.044094,0.124563,Energy,miqp,0.15814
AMZN,2025-08-31,0.042295,0.119363,Consumer Cyclical,miqp,0.754554
VLO,2025-08-31,0.040562,0.120584,Energy,miqp,0.149148
ISRG,2025-08-31,0.038839,0.120531,Healthcare,miqp,0.443703
AVGO,2025-08-31,0.037155,0.175972,Technology,miqp,0.480114
CAH,2025-08-31,0.036904,0.069969,Healthcare,miqp,0.192086
CTAS,2025-08-31,0.035599,0.08412,Industrials,miqp,0.802696
HWM,2025-08-31,0.033743,0.131829,Industrials,miqp,0.353715
CVNA,2025-08-31,0.023951,0.206922,Consumer Cyclical,miqp,0.387053
HOOD,2025-08-31,0.022232,0.255312,Technology,miqp,0.512961
STX,2025-08-31,0.018039,0.166871,Technology,miqp,0.126796
PAGS,2025-08-31,0.01753,0.126687,Technology,miqp,0.143897
CRESY,2025-08-31,0.016822,0.107274,Industrials,miqp,-0.048987
CBIO,2025-08-31,0.013487,0.296615,Healthcare,miqp,-0.16507
BRLS,2025-08-31,0.009947,0.080756,Consumer Defensive,miqp,-0.034483
ARM,2025-08-31,0.009528,0.212067,Technology,miqp,-0.12487
TSLA,2025-08-31,0.004956,0.19956,Consumer Cyclical,miqp,0.055282
ANET,2025-08-31,0.002125,0.143491,Technology,miqp,0.247681
LPLA,2025-08-31,0.001716,0.108321,Financial Services,miqp,-0.058587
LPL,2025-09-30,0.07,0.141612,Technology,miqp,0.21097
ALNY,2025-09-30,0.069763,0.14348,Healthcare,miqp,0.647443
TV,2025-09-30,0.063357,0.130858,Communication Services,miqp,0.051747
BKNG,2025-09-30,0.05075,0.074177,Consumer Cyclical,miqp,0.433555
BAK,2025-09-30,0.05,0.145408,Basic Materials,miqp,-0.331566
WDC,2025-09-30,0.05,0.145061,Technology,miqp,0.0
IRM,2025-09-30,0.049819,0.099122,Real Estate,miqp,0.054161
SKM,2025-09-30,0.048929,0.03063,Communication Services,miqp,0.008288
WMT,2025-09-30,0.048623,0.065205,Consumer Defensive,miqp,0.316758
KT,2025-09-30,0.046577,0.051168,Communication Services,miqp,-0.045432
VLO,2025-09-30,0.044057,0.079651,Energy,miqp,0.270462
PSX,2025-09-30,0.043445,0.08628,Energy,miqp,0.166718
AVGO,2025-09-30,0.040292,0.099886,Technology,miqp,0.612514
AMZN,2025-09-30,0.039575,0.085846,Consumer Cyclical,miqp,0.60496
CAH,2025-09-30,0.037993,0.059615,Healthcare,miqp,0.253153
HWM,2025-09-30,0.037093,0.090762,Industrials,miqp,0.492197
ISRG,2025-09-30,0.035814,0.081546,Healthcare,miqp,0.246786
CTAS,2025-09-30,0.03387,0.060258,Industrials,miqp,0.686759
HOOD,2025-09-30,0.02986,0.162676,Technology,miqp,0.95196
TAK,2025-09-30,0.029147,0.021558,Healthcare,miqp,0.07114
STX,2025-09-30,0.027711,0.124009,Technology,miqp,0.386678
PAGS,2025-09-30,0.018844,0.084997,Technology,miqp,0.24665
CBIO,2025-09-30,0.010867,0.161504,Healthcare,miqp,-0.239754
ARM,2025-09-30,0.009512,0.126612,Technology,miqp,-0.100821
BRLS,2025-09-30,0.007354,0.024518,Consumer Defensive,miqp,-0.072414
CVNA,2025-09-30,0.006748,0.120508,Consumer Cyclical,miqp,0.064166
ALNY,2025-10-31,0.067814,0.157565,Healthcare,miqp,0.63678
LPL,2025-10-31,0.065301,0.162916,Technology,miqp,0.162204
WDC,2025-10-31,0.060803,0.192106,Technology,miqp,0.210573
TV,2025-10-31,0.060437,0.130845,Communication Services,miqp,0.041322
BAK,2025-10-31,0.050406,0.17659,Basic Materials,miqp,-0.305123
SKM,2025-10-31,0.05,0.082735,Communication Services,miqp,-0.055399
KT,2025-10-31,0.05,0.097633,Communication Services,miqp,-0.086024
IRM,2025-10-31,0.048903,0.117803,Real Estate,miqp,0.063993
WMT,2025-10-31,0.046398,0.077719,Consumer Defensive,miqp,0.276984
BKNG,2025-10-31,0.04639,0.091574,Consumer Cyclical,miqp,0.347321
CAH,2025-10-31,0.045029,0.057576,Healthcare,miqp,0.475087
AMZN,2025-10-31,0.042785,0.11686,Consumer Cyclical,miqp,0.737189
VLO,2025-10-31,0.042648,0.096518,Energy,miqp,0.260364
PSX,2025-10-31,0.042265,0.111303,Energy,miqp,0.162824
ISRG,2025-10-31,0.041586,0.102414,Healthcare,miqp,0.357626
HWM,2025-10-31,0.037839,0.115659,Industrials,miqp,0.558323
AVGO,2025-10-31,0.034828,0.141532,Technology,miqp,0.748256
HOOD,2025-10-31,0.029753,0.225584,Technology,miqp,0.937209
CTAS,2025-10-31,0.029394,0.077248,Industrials,miqp,0.495723
STX,2025-10-31,0.029196,0.14598,Technology,miqp,0.477516
TAK,2025-10-31,0.017896,0.025186,Healthcare,miqp,-0.0339
PAGS,2025-10-31,0.017796,0.121566,Technology,miqp,0.16172
CBIO,2025-10-31,0.011326,0.135266,Healthcare,miqp,-0.177278
ARM,2025-10-31,0.011097,0.170518,Technology,miqp,0.071308
BRLS,2025-10-31,0.010071,0.091972,Consumer Defensive,miqp,0.229168
CVNA,2025-10-31,0.00533,0.179485,Consumer Cyclical,miqp,-0.141892
OTLK,2025-10-31,0.004707,0.129639,Healthcare,miqp,0.0
ALNY,2025-11-30,0.066345,0.176257,Healthcare,miqp,0.599524
WDC,2025-11-30,0.065319,0.241757,Technology,miqp,0.295326
TV,2025-11-30,0.061342,0.155347,Communication Services,miqp,0.068087
BAK,2025-11-30,0.057385,0.194517,Basic Materials,miqp,-0.183621
LPL,2025-11-30,0.055804,0.199931,Technology,miqp,0.004403
WMT,2025-11-30,0.050107,0.082241,Consumer Defensive,miqp,0.373917
CALC,2025-11-30,0.05,0.25699,Healthcare,miqp,1.200609
KT,2025-11-30,0.05,0.112881,Communication Services,miqp,-0.087018
CAH,2025-11-30,0.049539,0.04971,Healthcare,miqp,0.602516
SKM,2025-11-30,0.049389,0.094649,Communication Services,miqp,-0.058642
BKNG,2025-11-30,0.044311,0.117427,Consumer Cyclical,miqp,0.216503
PSX,2025-11-30,0.0424,0.134862,Energy,miqp,0.179446
IRM,2025-11-30,0.040557,0.15045,Real Estate,miqp,-0.108472
AMZN,2025-11-30,0.040399,0.151442,Consumer Cyclical,miqp,0.5718
HWM,2025-11-30,0.037188,0.143979,Industrials,miqp,0.480858
VLO,2025-11-30,0.036068,0.126326,Energy,miqp,0.313758
MRVL,2025-11-30,0.031486,0.312023,Technology,miqp,0.0
STX,2025-11-30,0.031216,0.195628,Technology,miqp,0.559002
CTAS,2025-11-30,0.029571,0.087247,Industrials,miqp,0.519273
AVGO,2025-11-30,0.027749,0.199493,Technology,miqp,0.670208
HOOD,2025-11-30,0.025753,0.321036,Technology,miqp,0.628377
TAK,2025-11-30,0.018985,0.047461,Healthcare,miqp,0.034449
CBIO,2025-11-30,0.013219,0.189368,Healthcare,miqp,-0.024732
ARM,2025-11-30,0.008759,0.257238,Technology,miqp,-0.142757
BRLS,2025-11-30,0.004834,0.077626,Consumer Defensive,miqp,-0.408609
ISRG,2025-11-30,0.003741,0.128978,Healthcare,miqp,0.07337
CVNA,2025-11-30,0.003277,0.26266,Consumer Cyclical,miqp,-0.040162
AMD,2025-11-30,0.002721,0.253808,Technology,miqp,0.0
OTLK,2025-11-30,0.002536,0.104404,Healthcare,miqp,0.420635
TV,2025-12-31,0.07,0.095354,Communication Services,miqp,0.244346
WDC,2025-12-31,0.07,0.199661,Technology,miqp,0.408035
ALNY,2025-12-31,0.059368,0.127899,Healthcare,miqp,0.400215
CALC,2025-12-31,0.058527,0.271748,Healthcare,miqp,1.306512
BAK,2025-12-31,0.05462,0.163388,Basic Materials,miqp,-0.202374
LPL,2025-12-31,0.053369,0.143266,Technology,miqp,-0.036285
WMT,2025-12-31,0.051596,0.06764,Consumer Defensive,miqp,0.410785
KT,2025-12-31,0.050823,0.105727,Communication Services,miqp,-0.067757
SKM,2025-12-31,0.05,0.082419,Communication Services,miqp,-0.073811
BKNG,2025-12-31,0.048565,0.098891,Consumer Cyclical,miqp,0.305966
CAH,2025-12-31,0.046894,0.055178,Healthcare,miqp,0.448258
PSX,2025-12-31,0.039716,0.113461,Energy,miqp,0.09709
AMZN,2025-12-31,0.039321,0.11857,Consumer Cyclical,miqp,0.43838
IRM,2025-12-31,0.037248,0.125775,Real Estate,miqp,-0.181472
TAK,2025-12-31,0.036821,0.064323,Healthcare,miqp,0.038452
HWM,2025-12-31,0.036471,0.115866,Industrials,miqp,0.379954
STX,2025-12-31,0.033882,0.166935,Technology,miqp,0.642927
VLO,2025-12-31,0.033042,0.115419,Energy,miqp,0.190784
CTAS,2025-12-31,0.029855,0.067353,Industrials,miqp,0.534848
MRVL,2025-12-31,0.029692,0.231865,Technology,miqp,-0.053803
HOOD,2025-12-31,0.024295,0.245758,Technology,miqp,0.448894
AVGO,2025-12-31,0.022981,0.166708,Technology,miqp,0.369172
ARM,2025-12-31,0.007377,0.182771,Technology,miqp,-0.273377
BRLS,2025-12-31,0.00508,0.05957,Consumer Defensive,miqp,-0.370361
CVNA,2025-12-31,0.004127,0.200809,Consumer Cyclical,miqp,0.169077
ISRG,2025-12-31,0.003698,0.104131,Healthcare,miqp,0.06446
AMD,2025-12-31,0.002631,0.175943,Technology,miqp,-0.029858
TV,2026-01-31,0.068343,0.084186,Communication Services,miqp,0.245779
BAK,2026-01-31,0.067752,0.164946,Basic Materials,miqp,0.020906
WDC,2026-01-31,0.060293,0.108368,Technology,miqp,0.796981
WMT,2026-01-31,0.051922,0.047341,Consumer Defensive,miqp,0.470001
SCM,2026-01-31,0.05,0.134776,Financial Services,miqp,0.0
LPL,2026-01-31,0.05,0.107337,Technology,miqp,-0.079375
NLY,2026-01-31,0.05,0.137421,Real Estate,miqp,0.0
JNJ,2026-01-31,0.05,0.058117,Healthcare,miqp,0.0
AZN,2026-01-31,0.05,0.078271,Healthcare,miqp,0.0
VOD,2026-01-31,0.048938,0.075111,Communication Services,miqp,0.0
CAH,2026-01-31,0.048203,0.050052,Healthcare,miqp,0.528896
BKNG,2026-01-31,0.043428,0.068397,Consumer Cyclical,miqp,0.143034
PSX,2026-01-31,0.042717,0.097705,Energy,miqp,0.207866
IRM,2026-01-31,0.041633,0.089583,Real Estate,miqp,-0.04591
TAK,2026-01-31,0.040857,0.03663,Healthcare,miqp,0.175581
HWM,2026-01-31,0.036353,0.078212,Industrials,miqp,0.323208
VLO,2026-01-31,0.035583,0.089267,Energy,miqp,0.306162
CTAS,2026-01-31,0.029242,0.048862,Industrials,miqp,0.557119
MPLX,2026-01-31,0.028383,0.076195,Energy,miqp,0.0
MRVL,2026-01-31,0.026715,0.110168,Technology,miqp,-0.117226
CSAN,2026-01-31,0.026047,0.113693,Energy,miqp,0.0
KVUE,2026-01-31,0.024652,0.063783,Consumer Defensive,miqp,0.0
CALC,2026-01-31,0.010129,0.074419,Healthcare,miqp,-0.802932
ARM,2026-01-31,0.006543,0.101294,Technology,miqp,-0.329199
HOOD,2026-01-31,0.003982,0.106103,Technology,miqp,-0.30521
ISRG,2026-01-31,0.003162,0.052407,Healthcare,miqp,-0.056263
PHI,2026-01-31,0.002719,0.061989,Communication Services,miqp,0.0
BRLS,2026-01-31,0.002403,0.048404,Consumer Defensive,miqp,-0.724436
BAK,2026-02-28,0.069124,0.208704,Basic Materials,miqp,0.099415
LPL,2026-02-28,0.060265,0.190755,Technology,miqp,0.143858
TV,2026-02-28,0.058304,0.150933,Communication Services,miqp,0.116529
AZN,2026-02-28,0.052678,0.096277,Healthcare,miqp,0.108309
JNJ,2026-02-28,0.05169,0.060054,Healthcare,miqp,0.090154
SCM,2026-02-28,0.05,0.223609,Financial Services,miqp,-0.215962
KEP,2026-02-28,0.05,0.133755,Utilities,miqp,1.53027
NLY,2026-02-28,0.05,0.145696,Real Estate,miqp,0.009996
CAH,2026-02-28,0.048628,0.044844,Healthcare,miqp,0.625483
VOD,2026-02-28,0.048521,0.106715,Communication Services,miqp,0.048464
IRM,2026-02-28,0.046293,0.111664,Real Estate,miqp,0.10959
WMT,2026-02-28,0.044667,0.053567,Consumer Defensive,miqp,0.52072
PSX,2026-02-28,0.043426,0.125783,Energy,miqp,0.293608
HWM,2026-02-28,0.043373,0.105154,Industrials,miqp,0.561109
TAK,2026-02-28,0.042045,0.044242,Healthcare,miqp,0.271397
VLO,2026-02-28,0.037954,0.123973,Energy,miqp,0.443692
BKNG,2026-02-28,0.034807,0.099249,Consumer Cyclical,miqp,-0.038135
MPLX,2026-02-28,0.0283,0.065209,Energy,miqp,0.054383
WDC,2026-02-28,0.027902,0.130103,Technology,miqp,0.91769
CTAS,2026-02-28,0.027666,0.061716,Industrials,miqp,0.462887
CSAN,2026-02-28,0.02697,0.16506,Energy,miqp,0.091674
KVUE,2026-02-28,0.025617,0.076035,Consumer Defensive,miqp,0.095127
MRVL,2026-02-28,0.023547,0.161368,Technology,miqp,-0.086242
CALC,2026-02-28,0.005495,0.097377,Healthcare,miqp,-0.896946
PHI,2026-02-28,0.002727,0.077178,Communication Services,miqp,0.060549
